PR番号,タイトル,作成日,作成者,現在のラベル,新しいラベル,分類理由,ラベル更新済み,URL
6215,マニフェストの基本方針の明確化と誤字の修正,2025-07-13T15:06:20Z,app/idobata-policy-app,README,[システム],タイトル「マニフェストの基本方針の明確化と誤字の修正」と内容から[システム]に分類,未,https://github.com/team-mirai/policy/pull/6215
6213,提案：チームみらいの基本姿勢にSOGIに関する記述を追加,2025-07-13T14:59:49Z,app/idobata-policy-app,README,ビジョン,タイトル「チームみらいの基本姿勢にSOGIに関する記述を追加」と内容からビジョンに分類,未,https://github.com/team-mirai/policy/pull/6213
6210,選挙の参加しやすさと公平性を高めるための包括的提案,2025-07-13T14:53:05Z,app/idobata-policy-app,README,デジタル民主主義,インターネット投票と選挙制度の改善に関する提案,未,https://github.com/team-mirai/policy/pull/6210
6207,雪さん提案：性犯罪対策の強化,2025-07-13T14:35:23Z,app/idobata-policy-app,README,その他政策,性犯罪対策は司法・治安分野に該当,未,https://github.com/team-mirai/policy/pull/6207
6206,【みらいのくささん提案】3人目の壁を壊す、企業と本人への手厚い子育て支援,2025-07-13T14:33:59Z,app/idobata-policy-app,README,子育て,タイトル「3人目の壁を壊す、企業と本人への手厚い子育て支援」と内容から子育てに分類,未,https://github.com/team-mirai/policy/pull/6206
6201,匿名ユーザーからの提案：義務投票制と第三者機関による選挙公報の導入,2025-07-13T14:20:26Z,app/idobata-policy-app,README,デジタル民主主義,義務投票制と選挙制度改革に関する提案,未,https://github.com/team-mirai/policy/pull/6201
6200,国連サイバー犯罪条約に関する懸念と表現の自由の擁護,2025-07-13T14:20:07Z,app/idobata-policy-app,README,その他政策,サイバー犯罪条約は国際条約・セキュリティ分野,未,https://github.com/team-mirai/policy/pull/6200
6195,匿名ユーザーによるマニフェスト改善提案：養育費と性犯罪対策の強化,2025-07-13T14:06:03Z,app/idobata-policy-app,README,子育て,養育費に関する提案が含まれているため,未,https://github.com/team-mirai/policy/pull/6195
6194,憲法9条と自衛隊のあり方に関する方針の明確化（すももさん提案）,2025-07-13T14:03:22Z,app/idobata-policy-app,README,その他政策,憲法9条と自衛隊は防衛・安全保障分野,未,https://github.com/team-mirai/policy/pull/6194
6192,「多様な家族のあり方を尊重する」という視点を追加する提案,2025-07-13T13:57:21Z,app/idobata-policy-app,README,ビジョン,多様な家族のあり方は基本理念に関わる,未,https://github.com/team-mirai/policy/pull/6192
6188,匿名ユーザー様による「新たな弔い」に関する統合的政策の提案,2025-07-13T13:48:13Z,app/idobata-policy-app,README,その他政策,葬儀・墓地は社会インフラに関わる分野,未,https://github.com/team-mirai/policy/pull/6188
6186,教育：教員の役割見直しと外部人材活用の提案,2025-07-13T13:47:19Z,app/idobata-policy-app,README,教育,タイトル「教育：教員の役割見直しと外部人材活用の提案」と内容から教育に分類,未,https://github.com/team-mirai/policy/pull/6186
6184,農家支援による食料安定供給の強化,2025-07-13T13:42:40Z,app/idobata-policy-app,README,産業政策,農家支援と食料安定供給は農業産業政策,未,https://github.com/team-mirai/policy/pull/6184
6183,【みらいのくささん提案】過疎地域のリモートワーク拠点設置を促進する税制優遇,2025-07-13T13:42:15Z,app/idobata-policy-app,README,経済財政,タイトル「過疎地域のリモートワーク拠点設置を促進する税制優遇」と内容から経済財政に分類,未,https://github.com/team-mirai/policy/pull/6183
6180,氷河期世代支援策の追加,2025-07-13T13:33:25Z,app/idobata-policy-app,README,福祉,氷河期世代支援は社会保障・福祉政策,未,https://github.com/team-mirai/policy/pull/6180
6179,いじめ問題への取り組みに関する章の新設,2025-07-13T13:29:55Z,app/idobata-policy-app,README,教育,いじめ問題は教育分野の重要課題,未,https://github.com/team-mirai/policy/pull/6179
6176,高齢者やデジタルが苦手な方の投票参加を促すための多様な投票方法の提案,2025-07-13T13:24:40Z,app/idobata-policy-app,README,デジタル民主主義,高齢者の投票参加促進は民主主義の基盤強化,未,https://github.com/team-mirai/policy/pull/6176
6173,【kindleさん提案】マニフェストに「教育産業複合体構想」を追加,2025-07-13T13:19:49Z,app/idobata-policy-app,README,教育,タイトル「マニフェストに「教育産業複合体構想」を追加」と内容から教育に分類,未,https://github.com/team-mirai/policy/pull/6173
6163,選択的夫婦別姓制度の導入と旧姓使用の拡充,2025-07-13T12:53:18Z,app/idobata-policy-app,README,ビジョン,選択的夫婦別姓は多様性を尊重する基本理念,未,https://github.com/team-mirai/policy/pull/6163
6160,匿名ユーザーによるマイナンバーカードの機能拡充提案,2025-07-13T12:46:43Z,app/idobata-policy-app,README,行政改革,マイナンバーカードは行政デジタル化の中核,未,https://github.com/team-mirai/policy/pull/6160
6154,観光政策の新規提案：オーバーツーリズム対策と持続可能な観光モデルの構築,2025-07-13T12:27:57Z,app/idobata-policy-app,README,,,,https://github.com/team-mirai/policy/pull/6154
6152,よんさまからのご提案：AI活用の原則強化とデジタル民主主義の具体化について,2025-07-13T12:21:58Z,app/idobata-policy-app,README,,,,https://github.com/team-mirai/policy/pull/6152
6150,淳様ご提案：AI活用における人間の責任と専門性維持の原則を追記,2025-07-13T12:20:52Z,app/idobata-policy-app,README,,,,https://github.com/team-mirai/policy/pull/6150
6148,（豊田様ご提案）養育費の不払い問題に関する政策を追加,2025-07-13T12:11:36Z,app/idobata-policy-app,README,,,,https://github.com/team-mirai/policy/pull/6148
6146,「政治改革」に関する改善提案,2025-07-13T12:08:33Z,app/idobata-policy-app,README,,,,https://github.com/team-mirai/policy/pull/6146
6143,公共施設を多機能拠点として整備する提案,2025-07-13T11:56:19Z,app/idobata-policy-app,README,,,,https://github.com/team-mirai/policy/pull/6143
6142,政策の柱として「多様な家族のあり方を支える法整備」を新たに追加,2025-07-13T11:54:47Z,app/idobata-policy-app,README,,,,https://github.com/team-mirai/policy/pull/6142
6139,ふくとさんによる「持続可能な都市政策」の改善提案,2025-07-13T11:48:01Z,app/idobata-policy-app,README,,,,https://github.com/team-mirai/policy/pull/6139
6135,2拠点生活など新しいライフスタイルを支援するアイデアを追記,2025-07-13T11:42:27Z,app/idobata-policy-app,README,,,,https://github.com/team-mirai/policy/pull/6135
6128,【匿名ユーザーさんによる改善提案】個人の納税実績を活用した信用創造の提案,2025-07-13T10:59:55Z,app/idobata-policy-app,README,,,,https://github.com/team-mirai/policy/pull/6128
6124,ネット上の私的制裁の根絶と人権保障のための提言,2025-07-13T10:48:19Z,app/idobata-policy-app,README,,,,https://github.com/team-mirai/policy/pull/6124
6121,ネット投票における「投票の上書き機能」の原則を追記,2025-07-13T10:25:55Z,app/idobata-policy-app,README,,,,https://github.com/team-mirai/policy/pull/6121
6118,子育て支援のあり方を見直し、所得制限の撤廃と一律給付の導入を提案,2025-07-13T10:15:37Z,app/idobata-policy-app,README,,,,https://github.com/team-mirai/policy/pull/6118
6114,【けいさん提案】性加害の厳罰化を柱とした、被害者を守るための包括的政策,2025-07-13T09:59:58Z,app/idobata-policy-app,README,,,,https://github.com/team-mirai/policy/pull/6114
6110,安楽死に関する政策の追加提案,2025-07-13T09:53:05Z,app/idobata-policy-app,README,,,,https://github.com/team-mirai/policy/pull/6110
6108,わたなべさんご提案：消費税一本化と経済のDXによる物価安定,2025-07-13T09:47:48Z,app/idobata-policy-app,README,,,,https://github.com/team-mirai/policy/pull/6108
6107,ゆうかさんより：教育を通じた日本文化への理解とアイデンティティ確立の提案,2025-07-13T09:47:39Z,app/idobata-policy-app,README,,,,https://github.com/team-mirai/policy/pull/6107
6105,【既卒の民さん提案】既卒者など多様な経歴を持つ人への就職支援を追加,2025-07-13T09:45:09Z,app/idobata-policy-app,README,,,,https://github.com/team-mirai/policy/pull/6105
6099,ゆうかさんより：国防と情報公開の透明性強化に関する提案,2025-07-13T09:24:17Z,app/idobata-policy-app,README,,,,https://github.com/team-mirai/policy/pull/6099
6097,マニフェストに「スクラップ・アンド・ビルド」の原則を追加,2025-07-13T09:23:18Z,app/idobata-policy-app,README,,,,https://github.com/team-mirai/policy/pull/6097
6095,「（仮称）エンペラー・ワラント・マーク制度」の創設による日本のブランド価値向上,2025-07-13T09:19:04Z,app/idobata-policy-app,README,,,,https://github.com/team-mirai/policy/pull/6095
6092,マニフェストへの平和主義の原則の追記,2025-07-13T09:03:05Z,app/idobata-policy-app,README,,,,https://github.com/team-mirai/policy/pull/6092
6091,マニフェスト序文を改善し、「100日プラン」の位置づけを明確化,2025-07-13T09:01:01Z,app/idobata-policy-app,README,,,,https://github.com/team-mirai/policy/pull/6091
6090,ご提案：「未来型媒介者」としての新しい国会議員像をマニフェストに明記,2025-07-13T09:00:48Z,app/idobata-policy-app,README,,,,https://github.com/team-mirai/policy/pull/6090
6089,さめまんさんの提案：「チームみらいについて」に人権重視の姿勢を明記,2025-07-13T08:59:15Z,app/idobata-policy-app,README,,,,https://github.com/team-mirai/policy/pull/6089
6087,マニフェスト改善プロセスにおける外部連携の姿勢を追記,2025-07-13T08:52:56Z,app/idobata-policy-app,README,,,,https://github.com/team-mirai/policy/pull/6087
6084,SNS時代の選挙運動に関する規制の提案,2025-07-13T08:38:19Z,app/idobata-policy-app,README,,,,https://github.com/team-mirai/policy/pull/6084
6079,「デジタル民主主義」ページのリンク切れを修正,2025-07-13T08:26:05Z,app/idobata-policy-app,README,,,,https://github.com/team-mirai/policy/pull/6079
6078,在外投票のオンライン化をマニフェストに明記,2025-07-13T08:23:12Z,app/idobata-policy-app,README,,,,https://github.com/team-mirai/policy/pull/6078
6075,ステップ2の産業に一次産業等の担い手支援の項目を追加,2025-07-13T08:02:44Z,app/idobata-policy-app,README,,,,https://github.com/team-mirai/policy/pull/6075
6072,【改心の一撃さん】子育て支援と未来技術への二つの提案,2025-07-13T07:52:23Z,app/idobata-policy-app,README,,,,https://github.com/team-mirai/policy/pull/6072
6071,「人権についての基本的な考え方」の新規追加,2025-07-13T07:51:47Z,app/idobata-policy-app,README,,,,https://github.com/team-mirai/policy/pull/6071
6069,消費税に関する方針の明確化と、外国人旅行者向け免税制度の廃止,2025-07-13T07:40:39Z,app/idobata-policy-app,README,,,,https://github.com/team-mirai/policy/pull/6069
6063,未成年者への性犯罪対策強化をマニフェストに明記,2025-07-13T07:23:28Z,app/idobata-policy-app,README,,,,https://github.com/team-mirai/policy/pull/6063
6056,政策：選択的夫婦別姓制度の導入,2025-07-13T07:08:00Z,app/idobata-policy-app,README,,,,https://github.com/team-mirai/policy/pull/6056
6054,【コンセプト提案】サイト利用ガイドの新設と、「ステップ」定義に関する見解の確認,2025-07-13T06:55:38Z,app/idobata-policy-app,README,,,,https://github.com/team-mirai/policy/pull/6054
6053,【きくさん提案】憲法に関する考え方の追加,2025-07-13T06:49:23Z,app/idobata-policy-app,README,,,,https://github.com/team-mirai/policy/pull/6053
6048,選択的夫婦別姓の実現に向け、「多様な家族のあり方を支える」項目を追加,2025-07-13T06:33:53Z,app/idobata-policy-app,README,,,,https://github.com/team-mirai/policy/pull/6048
6046,政策提案における根拠明記のルール強化,2025-07-13T06:30:13Z,app/idobata-policy-app,README,,,,https://github.com/team-mirai/policy/pull/6046
6045,[ほんさんからのご提案] 動物愛護政策の新規追加,2025-07-13T06:23:23Z,app/idobata-policy-app,README,,,,https://github.com/team-mirai/policy/pull/6045
6040,ゆかこさんによる改善提案：不妊治療の対象拡大による多様な家族形成支援,2025-07-13T06:09:36Z,app/idobata-policy-app,README,,,,https://github.com/team-mirai/policy/pull/6040
6038,政策案の改善提案：「政治資金の透明化」の明記,2025-07-13T06:06:23Z,app/idobata-policy-app,README,,,,https://github.com/team-mirai/policy/pull/6038
6033,政策提案：住宅政策の重要性を明確化,2025-07-13T05:52:33Z,app/idobata-policy-app,README,,,,https://github.com/team-mirai/policy/pull/6033
6030,マニフェストに「性別による寿命格差と年金制度」の視点を追加する提案,2025-07-13T05:43:44Z,app/idobata-policy-app,README,,,,https://github.com/team-mirai/policy/pull/6030
6016,たすくさんによる「平和と外交に関する基本的な考え方」の追加提案,2025-07-13T04:50:12Z,app/idobata-policy-app,README,,,,https://github.com/team-mirai/policy/pull/6016
6010,コロナ後遺症・ワクチン後遺症対策の新規提案,2025-07-13T04:25:27Z,app/idobata-policy-app,README,,,,https://github.com/team-mirai/policy/pull/6010
6009,マニフェストの冒頭に新たなスローガンを追加,2025-07-13T04:25:06Z,app/idobata-policy-app,README,,,,https://github.com/team-mirai/policy/pull/6009
6008,【匿名ユーザーからの提案】選択的夫婦別姓の導入,2025-07-13T04:19:11Z,app/idobata-policy-app,README,,,,https://github.com/team-mirai/policy/pull/6008
6006,【いのりさん提案】相続手続きのデジタル化による負担軽減,2025-07-13T04:17:56Z,app/idobata-policy-app,README,,,,https://github.com/team-mirai/policy/pull/6006
6001,DAOの社会実装による、公正で柔軟な働き方の実現,2025-07-13T03:57:56Z,app/idobata-policy-app,README,,,,https://github.com/team-mirai/policy/pull/6001
5999,「プラネタリーヘルス」に関する政策検討の表現を修正,2025-07-13T03:51:12Z,app/idobata-policy-app,README,,,,https://github.com/team-mirai/policy/pull/5999
5996,AIと著作権に関する基本方針を追記,2025-07-13T03:37:53Z,app/idobata-policy-app,README,,,,https://github.com/team-mirai/policy/pull/5996
5995,マニフェストへの選択的夫婦別姓に関する記述の追加,2025-07-13T03:36:46Z,app/idobata-policy-app,README,,,,https://github.com/team-mirai/policy/pull/5995
5994,バグ報告：iOS版ブラウザでハンバーガーメニューの項目が選択できない,2025-07-13T03:31:01Z,app/idobata-policy-app,README,,,,https://github.com/team-mirai/policy/pull/5994
5992,【政策提案】誰もが安心して使える「ワークスペース環境」の整備,2025-07-13T03:17:43Z,app/idobata-policy-app,README,,,,https://github.com/team-mirai/policy/pull/5992
5988,AI等デジタル技術の調達・運用に関する原則の追記,2025-07-13T02:58:33Z,app/idobata-policy-app,README,,,,https://github.com/team-mirai/policy/pull/5988
5983,0289さんによる提案：ステップ1への「ネット広告の健全化」の追加,2025-07-13T02:42:45Z,app/idobata-policy-app,README,,,,https://github.com/team-mirai/policy/pull/5983
5982,AI・デジタル原則の明確化と、制度の谷間にいる方への配慮を追加,2025-07-13T02:41:00Z,app/idobata-policy-app,README,,,,https://github.com/team-mirai/policy/pull/5982
5981,政策項目「福祉」に、制度の狭間にある人々への支援についての補足を追記,2025-07-13T02:38:31Z,app/idobata-policy-app,README,,,,https://github.com/team-mirai/policy/pull/5981
5980,匿名ユーザーによる包括的性教育と多様な家族のあり方に関する改善提案,2025-07-13T02:37:38Z,app/idobata-policy-app,README,,,,https://github.com/team-mirai/policy/pull/5980
5977,経済的に困難な若者のための就労・自立支援制度の創設,2025-07-13T02:31:05Z,app/idobata-policy-app,README,,,,https://github.com/team-mirai/policy/pull/5977
5972,生活保護制度の見直しと不正受給対策の強化,2025-07-13T01:57:11Z,app/idobata-policy-app,README,,,,https://github.com/team-mirai/policy/pull/5972
5971,【匿名ユーザーからの改善提案】人権に関する基本方針の追加,2025-07-13T01:54:54Z,app/idobata-policy-app,README,,,,https://github.com/team-mirai/policy/pull/5971
5963,目次を更新：デジタル民主主義の項目に政治資金の透明化と罰則強化を追記,2025-07-13T01:31:31Z,app/idobata-policy-app,README,,,,https://github.com/team-mirai/policy/pull/5963
5959,子育て支援策に関する公平性の議論の追加,2025-07-13T01:15:02Z,app/idobata-policy-app,README,,,,https://github.com/team-mirai/policy/pull/5959
5958,インボイス制度の廃止と消費税の単一税率化提案,2025-07-13T01:14:23Z,app/idobata-policy-app,README,,,,https://github.com/team-mirai/policy/pull/5958
5957,子育て支援の拡充：企業内保育の促進,2025-07-13T01:09:40Z,app/idobata-policy-app,README,,,,https://github.com/team-mirai/policy/pull/5957
5956,政策評価の基本方針に多角的視点を追加,2025-07-13T01:00:51Z,app/idobata-policy-app,README,,,,https://github.com/team-mirai/policy/pull/5956
5952,マニフェスト改善提案：大学などの高等教育における経済的負担の軽減を明確化,2025-07-13T00:47:55Z,app/idobata-policy-app,README,,,,https://github.com/team-mirai/policy/pull/5952
5950,「分断をあおらない」理念の構造的課題についての言及を追加,2025-07-13T00:43:54Z,app/idobata-policy-app,README,,,,https://github.com/team-mirai/policy/pull/5950
5943,【重要課題の明記】党の基本方針の不在について,2025-07-13T00:17:20Z,app/idobata-policy-app,README,,,,https://github.com/team-mirai/policy/pull/5943
5940,【うしさん提案】子育て政策の改善：学童保育の環境を充実に,2025-07-13T00:08:47Z,app/idobata-policy-app,README,,,,https://github.com/team-mirai/policy/pull/5940
5939,【ふるちゃんさん提案】国際卓越研究大学を中心とした共同研究体制の推進,2025-07-13T00:06:52Z,app/idobata-policy-app,README,,,,https://github.com/team-mirai/policy/pull/5939
5938,「誰一人取り残さない防災DX」の実現に向けた新規政策提案,2025-07-13T00:05:50Z,app/idobata-policy-app,README,,,,https://github.com/team-mirai/policy/pull/5938
5933,選択的夫婦別姓に関する方針を追加,2025-07-12T23:48:28Z,app/idobata-policy-app,README,,,,https://github.com/team-mirai/policy/pull/5933
5932,マニフェストの基本原則としての人権尊重の姿勢を明記,2025-07-12T23:43:19Z,app/idobata-policy-app,README,,,,https://github.com/team-mirai/policy/pull/5932
5930,高等学校等就学支援金制度の見直し,2025-07-12T23:31:33Z,app/idobata-policy-app,README,,,,https://github.com/team-mirai/policy/pull/5930
5928,選択的夫婦別姓制度の導入を提案,2025-07-12T23:28:31Z,app/idobata-policy-app,README,,,,https://github.com/team-mirai/policy/pull/5928
5924,ベルマーク制度の廃止と代替案の提案,2025-07-12T22:56:50Z,app/idobata-policy-app,README,,,,https://github.com/team-mirai/policy/pull/5924
5919,テクノロジーが苦手な方へのアプローチに関する追記,2025-07-12T22:27:59Z,app/idobata-policy-app,README,,,,https://github.com/team-mirai/policy/pull/5919
5910,meumoさん提案：葉酸に関する検討プロセスの追記,2025-07-12T19:40:08Z,app/idobata-policy-app,README,,,,https://github.com/team-mirai/policy/pull/5910
5903,社会保険料と税金の使途に関する議論の明記,2025-07-12T18:12:11Z,app/idobata-policy-app,README,,,,https://github.com/team-mirai/policy/pull/5903
5896,多様な世帯への配慮と地方創生の視点を追加する提案 by こんごう,2025-07-12T17:00:17Z,app/idobata-policy-app,README,,,,https://github.com/team-mirai/policy/pull/5896
5893,fさんによる「地方のデジタル産業振興」の追加提案,2025-07-12T16:54:11Z,app/idobata-policy-app,README,,,,https://github.com/team-mirai/policy/pull/5893
5892,マニフェストに「議員の定年制導入」に関する項目を追加,2025-07-12T16:42:27Z,app/idobata-policy-app,README,,,,https://github.com/team-mirai/policy/pull/5892
5887,「表現の自由」に関する方針を追加,2025-07-12T16:38:17Z,app/idobata-policy-app,README,,,,https://github.com/team-mirai/policy/pull/5887
5882,匿名ユーザーによる提案：現場負担への配慮とAI時代の人材活用策の追加,2025-07-12T16:18:26Z,app/idobata-policy-app,README,,,,https://github.com/team-mirai/policy/pull/5882
5881,はるさんによるマニフェスト改善提案,2025-07-12T16:12:48Z,app/idobata-policy-app,README,,,,https://github.com/team-mirai/policy/pull/5881
5874,なちさんより：マニフェストの信頼性向上のための3つの提案,2025-07-12T15:37:01Z,app/idobata-policy-app,README,,,,https://github.com/team-mirai/policy/pull/5874
5873,「世代による一票の価値の違い」に関する議論の提起,2025-07-12T15:34:38Z,app/idobata-policy-app,README,,,,https://github.com/team-mirai/policy/pull/5873
5869,選挙運動のデジタル化と静穏化に関する提案,2025-07-12T15:26:18Z,app/idobata-policy-app,README,,,,https://github.com/team-mirai/policy/pull/5869
5868,冒頭文を修正し、マニフェストが目指す方向性をより明確化,2025-07-12T15:25:29Z,app/idobata-policy-app,README,,,,https://github.com/team-mirai/policy/pull/5868
5858,keiphotoさんによる提案：結婚の有無にかかわらず子どもを産み育てやすい社会の実現,2025-07-12T15:01:36Z,app/idobata-policy-app,README,,,,https://github.com/team-mirai/policy/pull/5858
5846,【.34さん提案】災害時の非常用通信ネットワーク構築について,2025-07-12T14:36:11Z,app/idobata-policy-app,README,,,,https://github.com/team-mirai/policy/pull/5846
5840,ひらりさんからの提案：選択的夫婦別姓の実現,2025-07-12T14:19:55Z,app/idobata-policy-app,README,,,,https://github.com/team-mirai/policy/pull/5840
5839,選択的夫婦別姓制度の実現に関する項目を追加,2025-07-12T14:16:58Z,app/idobata-policy-app,README,,,,https://github.com/team-mirai/policy/pull/5839
5834,外交政策の項目を見直し、日本の自律性強化に関する議論を提案,2025-07-12T14:07:34Z,app/idobata-policy-app,README,,,,https://github.com/team-mirai/policy/pull/5834
5833,国の主権と国益を守る姿勢の明確化,2025-07-12T14:06:49Z,app/idobata-policy-app,README,,,,https://github.com/team-mirai/policy/pull/5833
5832,性犯罪対策の抜本的強化,2025-07-12T14:06:40Z,app/idobata-policy-app,README,,,,https://github.com/team-mirai/policy/pull/5832
5830,匿名ユーザーからの提案：認定柔道整復師による予防医療の推進,2025-07-12T14:01:12Z,app/idobata-policy-app,README,,,,https://github.com/team-mirai/policy/pull/5830
5822,福祉分野の政策に、性犯罪の根絶を目指す新たな項目を追加,2025-07-12T13:39:15Z,app/idobata-policy-app,README,,,,https://github.com/team-mirai/policy/pull/5822
5817,提案：デジタル民主主義に「世代間の声の不均衡を是正する仕組み」を追加,2025-07-12T13:24:58Z,app/idobata-policy-app,README,,,,https://github.com/team-mirai/policy/pull/5817
5816,改善提案：子どもの安全を守るための新しい政策項目を追加,2025-07-12T13:24:36Z,app/idobata-policy-app,README,,,,https://github.com/team-mirai/policy/pull/5816
5813,性犯罪・性暴力の根絶と被害者保護の徹底を求める提案,2025-07-12T13:13:14Z,app/idobata-policy-app,README,,,,https://github.com/team-mirai/policy/pull/5813
5799,支援のあり方に関する基本原則の追加,2025-07-12T12:24:15Z,app/idobata-policy-app,README,,,,https://github.com/team-mirai/policy/pull/5799
5798,すぎやまさんによる「コンテンツ産業と表現の自由」に関する改善提案,2025-07-12T12:22:40Z,app/idobata-policy-app,README,,,,https://github.com/team-mirai/policy/pull/5798
5797,国民の安全を守るための性犯罪対策強化,2025-07-12T12:22:23Z,app/idobata-policy-app,README,,,,https://github.com/team-mirai/policy/pull/5797
5796,政策提案：老老介護におけるコミュニケーション支援の具体例を追記,2025-07-12T12:20:12Z,app/idobata-policy-app,README,,,,https://github.com/team-mirai/policy/pull/5796
5793,国民との対話の改革案：提案対応の遅延に対するお詫びと具体的な改善策の明記,2025-07-12T12:14:39Z,app/idobata-policy-app,README,,,,https://github.com/team-mirai/policy/pull/5793
5785,「チームみらいについて」の記述を改善し、デジタル化への姿勢を明確化,2025-07-12T11:56:44Z,app/idobata-policy-app,README,,,,https://github.com/team-mirai/policy/pull/5785
5774,【太一郎提案】提案への迅速な応答を義務付け、チームみらいの不誠実な対応を是正,2025-07-12T10:54:35Z,app/idobata-policy-app,README,,,,https://github.com/team-mirai/policy/pull/5774
5772,教育におけるデジタルと従来手法の最適な組み合わせを求める方針の追加,2025-07-12T10:52:04Z,app/idobata-policy-app,README,,,,https://github.com/team-mirai/policy/pull/5772
5771,【匿名ユーザーさんによる改善提案】国際宇宙港（スペースポート）構想の追加,2025-07-12T10:51:09Z,app/idobata-policy-app,README,,,,https://github.com/team-mirai/policy/pull/5771
5770,政策提案：障害者支援における多角的な負担決定プロセスの導入,2025-07-12T10:43:37Z,app/idobata-policy-app,README,,,,https://github.com/team-mirai/policy/pull/5770
5767,同性婚の法制化をマニフェストに明記する提案,2025-07-12T10:25:50Z,app/idobata-policy-app,README,,,,https://github.com/team-mirai/policy/pull/5767
5766,マニフェストの基本理念の明確化,2025-07-12T10:13:39Z,app/idobata-policy-app,README,,,,https://github.com/team-mirai/policy/pull/5766
5763,政策の追加：同性婚の法制化,2025-07-12T10:07:56Z,app/idobata-policy-app,README,,,,https://github.com/team-mirai/policy/pull/5763
5762,公的な死後事務支援システムの構築に関する提案,2025-07-12T10:03:43Z,app/idobata-policy-app,README,,,,https://github.com/team-mirai/policy/pull/5762
5758,ケアマネジャー更新研修制度の負担軽減と抜本的見直し,2025-07-12T09:43:28Z,app/idobata-policy-app,README,,,,https://github.com/team-mirai/policy/pull/5758
5756,いじめ・性加害の加害者に対する教育改革案の追加,2025-07-12T09:30:38Z,app/idobata-policy-app,README,,,,https://github.com/team-mirai/policy/pull/5756
5753,匿名ユーザーによる孤独死対策の提案：テクノロジーによる見守り,2025-07-12T09:09:59Z,app/idobata-policy-app,README,,,,https://github.com/team-mirai/policy/pull/5753
5748,AI活用基本方針の追加：「使われるAI」ではなく、「使いこなす社会」へ,2025-07-12T09:03:49Z,app/idobata-policy-app,README,,,,https://github.com/team-mirai/policy/pull/5748
5746,ヤングケアラーとそのきょうだいへの医療・福祉サポート体制の強化,2025-07-12T08:56:05Z,app/idobata-policy-app,README,,,,https://github.com/team-mirai/policy/pull/5746
5745,氷河期世代支援と多様な人材登用の呼びかけ,2025-07-12T08:49:33Z,app/idobata-policy-app,README,,,,https://github.com/team-mirai/policy/pull/5745
5742,「人権に関する基本方針」の追加,2025-07-12T08:41:24Z,app/idobata-policy-app,README,,,,https://github.com/team-mirai/policy/pull/5742
5732,AIの構造的リスクと世論操作の危険性に関する重大な注意喚起の追記,2025-07-12T08:23:17Z,app/idobata-policy-app,README,,,,https://github.com/team-mirai/policy/pull/5732
5730,【匿名ユーザーからの提案】労働者の権利保護（産業分野）,2025-07-12T08:20:23Z,app/idobata-policy-app,README,,,,https://github.com/team-mirai/policy/pull/5730
5728,治安政策強化のため「犯罪を犯した外国人の強制送還手続きの迅速化・厳格化」の項目を追加,2025-07-12T08:06:09Z,app/idobata-policy-app,README,,,,https://github.com/team-mirai/policy/pull/5728
5726,子どものオンライン上の安全を守るためのAI活用に関する提案,2025-07-12T08:01:43Z,app/idobata-policy-app,README,,,,https://github.com/team-mirai/policy/pull/5726
5722,「チームみらいが目指す社会像」に出産・育児支援と働き方のビジョンを追記,2025-07-12T07:56:50Z,app/idobata-policy-app,README,,,,https://github.com/team-mirai/policy/pull/5722
5719,城戸道子さんからの政策改善提案：外交・安全保障と科学技術政策の強化について,2025-07-12T07:37:09Z,app/idobata-policy-app,README,,,,https://github.com/team-mirai/policy/pull/5719
5718,防衛政策に関する議論の開始,2025-07-12T07:35:18Z,app/idobata-policy-app,README,,,,https://github.com/team-mirai/policy/pull/5718
5715,【ひらのさん提案】人権に関する基本方針を追加,2025-07-12T07:25:52Z,app/idobata-policy-app,README,,,,https://github.com/team-mirai/policy/pull/5715
5713,「選択的夫婦別姓」の項目追加と政策方針の具体化,2025-07-12T07:17:30Z,app/idobata-policy-app,README,,,,https://github.com/team-mirai/policy/pull/5713
5707,賃上げ促進と公正な交渉環境の整備について（門脇さんからのご提案）,2025-07-12T07:04:37Z,app/idobata-policy-app,README,,,,https://github.com/team-mirai/policy/pull/5707
5704,ひらのさんによる改善提案：ジェンダーと多様性の尊重に関する項目の追加,2025-07-12T06:55:47Z,app/idobata-policy-app,README,,,,https://github.com/team-mirai/policy/pull/5704
5700,エネルギー政策に関する議論の方向性を追記,2025-07-12T06:47:38Z,app/idobata-policy-app,README,,,,https://github.com/team-mirai/policy/pull/5700
5694,Keiさんによる「同性婚の法制化」の提案,2025-07-12T06:10:33Z,app/idobata-policy-app,README,,,,https://github.com/team-mirai/policy/pull/5694
5690,就職氷河期世代への新たなセーフティネット構築の提案,2025-07-12T05:53:52Z,app/idobata-policy-app,README,,,,https://github.com/team-mirai/policy/pull/5690
5688,匿名ユーザーからの提案：ライフステージに応じた多様な働き方とキャリア形成支援の追加,2025-07-12T05:47:18Z,app/idobata-policy-app,README,,,,https://github.com/team-mirai/policy/pull/5688
5687,皇位の安定継承についての提案,2025-07-12T05:47:07Z,app/idobata-policy-app,README,,,,https://github.com/team-mirai/policy/pull/5687
5686,在外邦人の投票権を保障するため、国政選挙へのオンライン投票導入を提案,2025-07-12T05:45:32Z,app/idobata-policy-app,README,,,,https://github.com/team-mirai/policy/pull/5686
5685,マニフェスト改善案：マイナンバーカードへの終末医療に関する意思登録の提案,2025-07-12T05:42:26Z,app/idobata-policy-app,README,,,,https://github.com/team-mirai/policy/pull/5685
5676,Leoさんによる「新しい公務員制度」の提案,2025-07-12T04:58:57Z,app/idobata-policy-app,README,,,,https://github.com/team-mirai/policy/pull/5676
5672,政治の透明性を高めるため、マニフェ-スト報告義務化の仕組みを提案,2025-07-12T04:51:25Z,app/idobata-policy-app,README,,,,https://github.com/team-mirai/policy/pull/5672
5659,マニフェストの実行戦略を具体化する提案,2025-07-12T04:21:37Z,app/idobata-policy-app,README,,,,https://github.com/team-mirai/policy/pull/5659
5649,【政策提案】自動車関連税制の抜本改革と、愛車を長く使うための新制度導入,2025-07-12T03:44:39Z,app/idobata-policy-app,README,,,,https://github.com/team-mirai/policy/pull/5649
5648,保護者の協力に左右されない、デジタル技術を活用した学習支援の提案,2025-07-12T03:38:12Z,app/idobata-policy-app,README,,,,https://github.com/team-mirai/policy/pull/5648
5647,ジン〆さんによる、政策の具体性と透明性向上に関する改善提案,2025-07-12T03:20:28Z,app/idobata-policy-app,README,,,,https://github.com/team-mirai/policy/pull/5647
5645,14さんの提案：子どもを性的搾取から守るための包括的対策強化,2025-07-12T03:19:22Z,app/idobata-policy-app,README,,,,https://github.com/team-mirai/policy/pull/5645
5644,尊厳死の制度化に関する議論の開始,2025-07-12T03:04:59Z,app/idobata-policy-app,README,,,,https://github.com/team-mirai/policy/pull/5644
5641,財政運営の基本方針案,2025-07-12T03:03:55Z,app/idobata-policy-app,README,,,,https://github.com/team-mirai/policy/pull/5641
5638,匿名ユーザー様からの提案に基づく子育て支援政策の追加,2025-07-12T02:59:42Z,app/idobata-policy-app,README,,,,https://github.com/team-mirai/policy/pull/5638
5636,匿名ユーザーによる提案：AI相談窓口の導入による子どものいじめ早期発見・対応策,2025-07-12T02:43:17Z,app/idobata-policy-app,README,,,,https://github.com/team-mirai/policy/pull/5636
5633,外国人材の受け入れに関する基本方針の追加,2025-07-12T02:38:43Z,app/idobata-policy-app,README,,,,https://github.com/team-mirai/policy/pull/5633
5631,奨学金制度改革：返済額の所得控除による負担軽減（ユウさんからの提案）,2025-07-12T02:29:50Z,app/idobata-policy-app,README,,,,https://github.com/team-mirai/policy/pull/5631
5630,「チームみらいについて」にLGBTに関する理念と具体的な政策例を追加,2025-07-12T02:29:09Z,app/idobata-policy-app,README,,,,https://github.com/team-mirai/policy/pull/5630
5629,義務教育における教材費等の公的負担について、市民の声を反映する事例を追記,2025-07-12T02:17:27Z,app/idobata-policy-app,README,,,,https://github.com/team-mirai/policy/pull/5629
5628,あまのさんからの総合政策提案：少子化対策、現役世代支援、医療制度改革,2025-07-12T02:06:06Z,app/idobata-policy-app,README,,,,https://github.com/team-mirai/policy/pull/5628
5622,【馬場さん提案】持続可能な観光立国に向けた「観光目的税」の新設,2025-07-12T01:38:27Z,app/idobata-policy-app,README,,,,https://github.com/team-mirai/policy/pull/5622
5620,ネット広告のゾーニング導入と法整備に関する提案,2025-07-12T01:34:46Z,app/idobata-policy-app,README,,,,https://github.com/team-mirai/policy/pull/5620
5615,AI活用の原則を強化し、その限界と責任を明確化する提案 by ユーザー14,2025-07-12T01:19:35Z,app/idobata-policy-app,README,,,,https://github.com/team-mirai/policy/pull/5615
5614,【匿名ユーザーさん提案】年少扶養控除の復活検討を100日プランに追加,2025-07-12T01:17:47Z,app/idobata-policy-app,README,,,,https://github.com/team-mirai/policy/pull/5614
5613,提案：外国人等による投機目的の不動産取得への対策,2025-07-12T01:17:17Z,app/idobata-policy-app,README,,,,https://github.com/team-mirai/policy/pull/5613
5612,ステップ１「教育」に包括的性教育と人権教育の推進を追記,2025-07-12T01:11:26Z,app/idobata-policy-app,README,,,,https://github.com/team-mirai/policy/pull/5612
5603,【14さん提案】水資源の安全保障に関する政策を追加,2025-07-12T00:41:58Z,app/idobata-policy-app,README,,,,https://github.com/team-mirai/policy/pull/5603
5601,AI活用における政治家の責任を明確化,2025-07-12T00:21:12Z,app/idobata-policy-app,README,,,,https://github.com/team-mirai/policy/pull/5601
5596,ぴよぴよさんによる政策改善提案：教育、デジタル民主主義、発言の安全性に関する更新,2025-07-12T00:05:50Z,app/idobata-policy-app,README,,,,https://github.com/team-mirai/policy/pull/5596
5587,【ぺんぺんさんご提案】いつでもどこでも投票！安全・便利なオンライン投票制度の導入,2025-07-11T22:48:58Z,app/idobata-policy-app,README,,,,https://github.com/team-mirai/policy/pull/5587
5586,不妊治療支援の拡充,2025-07-11T22:35:57Z,app/idobata-policy-app,README,,,,https://github.com/team-mirai/policy/pull/5586
5585,行政手続きの抜本的改革に関する具体例の追記,2025-07-11T22:27:54Z,app/idobata-policy-app,README,,,,https://github.com/team-mirai/policy/pull/5585
5583,「結婚の平等の実現に向けた法整備の推進」をマニフェストに明記,2025-07-11T22:16:27Z,app/idobata-policy-app,README,,,,https://github.com/team-mirai/policy/pull/5583
5581,新たな政策課題（宗教法人課税、国会オープン化、議員活動の可視化）の追加,2025-07-11T22:09:32Z,app/idobata-policy-app,README,,,,https://github.com/team-mirai/policy/pull/5581
5575,【のりさんからの提案】産後の保育園利用に関する改善提案,2025-07-11T20:48:57Z,app/idobata-policy-app,README,,,,https://github.com/team-mirai/policy/pull/5575
5570,14様からのご提案：暮らしと安全、文化を未来へつなぐ政策アイデア,2025-07-11T18:54:55Z,app/idobata-policy-app,README,,,,https://github.com/team-mirai/policy/pull/5570
5566,大規模災害対策の強化に関する包括的提案,2025-07-11T18:06:45Z,app/idobata-policy-app,README,,,,https://github.com/team-mirai/policy/pull/5566
5561,国公立大学における学生寮のセーフティネット機能の拡充,2025-07-11T17:13:56Z,app/idobata-policy-app,README,,,,https://github.com/team-mirai/policy/pull/5561
5560,らいむさんより：健康保険制度の一元化と高額療養費制度に関する改善提案,2025-07-11T17:11:17Z,app/idobata-policy-app,README,,,,https://github.com/team-mirai/policy/pull/5560
5553,政策提案：自然環境と生物多様性の保全に関する新規マニフェストの追加,2025-07-11T16:32:23Z,app/idobata-policy-app,README,,,,https://github.com/team-mirai/policy/pull/5553
5549,「表現の自由に対する考え方」の項目を追加,2025-07-11T16:04:06Z,app/idobata-policy-app,README,,,,https://github.com/team-mirai/policy/pull/5549
5545,マニフェストの副題を、より温かく分かりやすいものに変更,2025-07-11T15:33:04Z,app/idobata-policy-app,README,,,,https://github.com/team-mirai/policy/pull/5545
5544,宗教との関わりに悩む子どもを守り、権利を保障するための具体的な政策の提案,2025-07-11T15:29:21Z,app/idobata-policy-app,README,,,,https://github.com/team-mirai/policy/pull/5544
5541,けんさんの提案：社会保障の理念を明確化し、未来のための重要課題（年金・外国人政策・消費税）の議論を開始する提案,2025-07-11T15:26:03Z,app/idobata-policy-app,README,,,,https://github.com/team-mirai/policy/pull/5541
5540,提案：選択的夫婦別姓と同性婚の法制化推進を明記,2025-07-11T15:22:00Z,app/idobata-policy-app,README,,,,https://github.com/team-mirai/policy/pull/5540
5539,匿名ユーザーによる政策改善提案：選挙、司法、年金運用など,2025-07-11T15:19:20Z,app/idobata-policy-app,README,,,,https://github.com/team-mirai/policy/pull/5539
5538,README.md：議論のハイライトを追加し、デジタル母子手帳の災害時対策に関する議論を反映,2025-07-11T15:13:47Z,app/idobata-policy-app,README,,,,https://github.com/team-mirai/policy/pull/5538
5537,feat: 匿名ユーザーによるシェルター整備政策の提案を追加,2025-07-11T15:03:49Z,app/idobata-policy-app,README,,,,https://github.com/team-mirai/policy/pull/5537
5534,「社会的養護の改革」に関する包括的な改善提案,2025-07-11T14:52:55Z,app/idobata-policy-app,README,,,,https://github.com/team-mirai/policy/pull/5534
5531,「産業」政策における多様な業種への配慮の必要性について,2025-07-11T14:44:34Z,app/idobata-policy-app,README,,,,https://github.com/team-mirai/policy/pull/5531
5528,ひろこさん提案：「AIコンシェルジュ」と「心のセーフティネット」の創設,2025-07-11T14:40:19Z,app/idobata-policy-app,README,,,,https://github.com/team-mirai/policy/pull/5528
5520,AI活用による財源確保と、世代を超えた安心保障の実現,2025-07-11T14:09:13Z,app/idobata-policy-app,README,,,,https://github.com/team-mirai/policy/pull/5520
5516,【AIのミスにより撤回】ジェンダー問題に関する基本方針の追加,2025-07-11T14:03:51Z,app/idobata-policy-app,README,,,,https://github.com/team-mirai/policy/pull/5516
5515,家族の一体感を守りつつ、旧姓使用の不便を解消する提案,2025-07-11T14:00:31Z,app/idobata-policy-app,README,,,,https://github.com/team-mirai/policy/pull/5515
5513,マニフェストの改善：キャッチコピー追加と表現の現代化,2025-07-11T13:53:51Z,app/idobata-policy-app,README,,,,https://github.com/team-mirai/policy/pull/5513
5512,政策提案：国立病院の財政基盤の安定化,2025-07-11T13:52:31Z,app/idobata-policy-app,README,,,,https://github.com/team-mirai/policy/pull/5512
5505,義務教育における新しい体育の導入,2025-07-11T13:38:02Z,app/idobata-policy-app,README,,,,https://github.com/team-mirai/policy/pull/5505
5502,移民政策に関する項目の追加と、慎重な検討を促す基本方針の明記,2025-07-11T13:29:48Z,app/idobata-policy-app,README,,,,https://github.com/team-mirai/policy/pull/5502
5497,メンタルヘルス政策に関する新たな視点の追加,2025-07-11T13:03:39Z,app/idobata-policy-app,README,,,,https://github.com/team-mirai/policy/pull/5497
5494,AIと労働力の未来に関する新たな方針の提案,2025-07-11T12:48:14Z,app/idobata-policy-app,README,,,,https://github.com/team-mirai/policy/pull/5494
5489,選挙期間中のマニフェストの取り扱いに関するルールを追加,2025-07-11T12:30:02Z,app/idobata-policy-app,README,,,,https://github.com/team-mirai/policy/pull/5489
5488,表現の自由と創作活動の支援に関する政策の追加,2025-07-11T12:28:36Z,app/idobata-policy-app,README,,,,https://github.com/team-mirai/policy/pull/5488
5487,ともきさんによる東京一極集中の是正と地方創生に関する提案,2025-07-11T12:24:36Z,app/idobata-policy-app,README,,,,https://github.com/team-mirai/policy/pull/5487
5483,障害児支援の充実と、それが少子化対策にも繋がる視点の追加,2025-07-11T12:17:53Z,app/idobata-policy-app,README,,,,https://github.com/team-mirai/policy/pull/5483
5480,政策要望の見える化,2025-07-11T12:01:44Z,app/idobata-policy-app,README,,,,https://github.com/team-mirai/policy/pull/5480
5474,医療制度の持続可能性と公平性に関する改善提案,2025-07-11T11:37:44Z,app/idobata-policy-app,README,,,,https://github.com/team-mirai/policy/pull/5474
5473,【ゆさん提案】外国人との共生・移民政策に関するたたき台の追加,2025-07-11T11:32:36Z,app/idobata-policy-app,README,,,,https://github.com/team-mirai/policy/pull/5473
5465,あさんのご提案：子どもの心理的安全性を確保するための施策を追加,2025-07-11T11:13:29Z,app/idobata-policy-app,README,,,,https://github.com/team-mirai/policy/pull/5465
5463,しおちゃんさんによる政策マニフェスト改善提案,2025-07-11T11:11:04Z,app/idobata-policy-app,README,,,,https://github.com/team-mirai/policy/pull/5463
5461,のぶちょさんによる医療制度改革の提案,2025-07-11T11:05:59Z,app/idobata-policy-app,README,,,,https://github.com/team-mirai/policy/pull/5461
5453,グリーンインフラ・流域治水の項目追加,2025-07-11T10:42:33Z,app/idobata-policy-app,README,,,,https://github.com/team-mirai/policy/pull/5453
5452,自動車関連税の全廃による経済活性化策の提案,2025-07-11T10:42:19Z,app/idobata-policy-app,README,,,,https://github.com/team-mirai/policy/pull/5452
5451,ひとり親家庭への支援拡充に関する提案,2025-07-11T10:37:01Z,app/idobata-policy-app,README,,,,https://github.com/team-mirai/policy/pull/5451
5447,選択的夫婦別姓制度の早期実現をマニフェストに明記する提案,2025-07-11T10:21:11Z,app/idobata-policy-app,README,,,,https://github.com/team-mirai/policy/pull/5447
5443,インボイス制度の見直しを提案,2025-07-11T10:08:09Z,app/idobata-policy-app,README,,,,https://github.com/team-mirai/policy/pull/5443
5441,[匿名ユーザー様提案] 障害のある方々とその家族への支援拡充,2025-07-11T10:02:15Z,app/idobata-policy-app,README,,,,https://github.com/team-mirai/policy/pull/5441
5439,性犯罪の厳罰化についての提案,2025-07-11T09:47:53Z,app/idobata-policy-app,README,,,,https://github.com/team-mirai/policy/pull/5439
5432,エネルギー政策に関する基本姿勢をマニフェストの冒頭に明記,2025-07-11T08:45:34Z,app/idobata-policy-app,README,,,,https://github.com/team-mirai/policy/pull/5432
5430,政策提案：外国人による土地取得に関する検討項目の追加,2025-07-11T08:40:30Z,app/idobata-policy-app,README,,,,https://github.com/team-mirai/policy/pull/5430
5426,政策提案：小児性犯罪の厳罰化と再犯防止策の導入,2025-07-11T08:11:58Z,app/idobata-policy-app,README,,,,https://github.com/team-mirai/policy/pull/5426
5423,【なぎささん提案】READMEに「よくあるご質問」セクションを追加,2025-07-11T08:00:52Z,app/idobata-policy-app,README,,,,https://github.com/team-mirai/policy/pull/5423
5422,同性婚の法制化をマニフェストに追加,2025-07-11T07:59:39Z,app/idobata-policy-app,README,,,,https://github.com/team-mirai/policy/pull/5422
5417,産前産後ケアの抜本的拡充（産前休暇の柔軟化と就労環境の改善）,2025-07-11T07:51:06Z,app/idobata-policy-app,README,,,,https://github.com/team-mirai/policy/pull/5417
5413,移民・難民制度の見直しに関する提案,2025-07-11T07:47:40Z,app/idobata-policy-app,README,,,,https://github.com/team-mirai/policy/pull/5413
5412,「表現の自由」に関する基本的な考え方を追記,2025-07-11T07:40:13Z,app/idobata-policy-app,README,,,,https://github.com/team-mirai/policy/pull/5412
5399,ぱやさんによる社会保障をセーフティネットとして明確化する提案,2025-07-11T06:50:35Z,app/idobata-policy-app,README,,,,https://github.com/team-mirai/policy/pull/5399
5397,卵子凍結への支援策を新設する提案,2025-07-11T06:40:41Z,app/idobata-policy-app,README,,,,https://github.com/team-mirai/policy/pull/5397
5391,マニフェスト目次の明確化：「外交・安全保障」の追記,2025-07-11T06:25:31Z,app/idobata-policy-app,README,,,,https://github.com/team-mirai/policy/pull/5391
5386,小林由美子さんからの提案：誰もが相談しやすい仕組みの明記と、外国人との共生に関する政策議論の提起,2025-07-11T05:58:53Z,app/idobata-policy-app,README,,,,https://github.com/team-mirai/policy/pull/5386
5381,匿名ユーザーからの提案：財源確保と経済活性化に関する総合的な税制改革,2025-07-11T05:42:44Z,app/idobata-policy-app,README,,,,https://github.com/team-mirai/policy/pull/5381
5380,"【政策提案 by y,f】目次に「外国人との共生社会の実現」の項目を追加",2025-07-11T05:37:35Z,app/idobata-policy-app,README,,,,https://github.com/team-mirai/policy/pull/5380
5374,オンライン・公共空間における広告の健全化に関する政策の追加,2025-07-11T05:13:37Z,app/idobata-policy-app,README,,,,https://github.com/team-mirai/policy/pull/5374
5369,moさんによる「在外選挙におけるオンライン投票の導入」の提案,2025-07-11T05:01:47Z,app/idobata-policy-app,README,,,,https://github.com/team-mirai/policy/pull/5369
5366,政策改善提案：サイバーセキュリティと選挙の透明性強化,2025-07-11T04:40:22Z,app/idobata-policy-app,README,,,,https://github.com/team-mirai/policy/pull/5366
5365,政策に難病を持つ方々の移行期医療の視点を追加,2025-07-11T04:39:04Z,app/idobata-policy-app,README,,,,https://github.com/team-mirai/policy/pull/5365
5364,受動喫煙防止対策強化のご提案,2025-07-11T04:35:36Z,app/idobata-policy-app,README,,,,https://github.com/team-mirai/policy/pull/5364
5363,【みえさん提案】フリーランス・クリエイター支援策の具体化,2025-07-11T04:30:50Z,app/idobata-policy-app,README,,,,https://github.com/team-mirai/policy/pull/5363
5361,総合的な社会制度改革の提案：被害者支援、入国管理、国土安全保障の強化,2025-07-11T04:27:30Z,app/idobata-policy-app,README,,,,https://github.com/team-mirai/policy/pull/5361
5360,「多様性の尊重」に関する項目を追加,2025-07-11T04:23:17Z,app/idobata-policy-app,README,,,,https://github.com/team-mirai/policy/pull/5360
5359,【ながたさん提案】子どもへの性犯罪防止策の強化,2025-07-11T04:21:45Z,app/idobata-policy-app,README,,,,https://github.com/team-mirai/policy/pull/5359
5358,「地方の福利厚生賃貸」と「地方大学研究CF」による少子化対策と経済成長の新提案,2025-07-11T04:15:02Z,app/idobata-policy-app,README,,,,https://github.com/team-mirai/policy/pull/5358
5355,変更提案プロセスの透明性向上について,2025-07-11T04:07:40Z,app/idobata-policy-app,README,,,,https://github.com/team-mirai/policy/pull/5355
5352,特別支援教育に関する記述の追加,2025-07-11T04:01:33Z,app/idobata-policy-app,README,,,,https://github.com/team-mirai/policy/pull/5352
5349,気候変動の項目追加の提案,2025-07-11T03:41:13Z,app/idobata-policy-app,README,,,,https://github.com/team-mirai/policy/pull/5349
5344,デジタル化における情報アクセスの選択肢確保に関する提案,2025-07-11T03:03:00Z,app/idobata-policy-app,README,,,,https://github.com/team-mirai/policy/pull/5344
5342,【みかんさんからのご提案】「働き方」に関する政策の改善,2025-07-11T02:59:31Z,app/idobata-policy-app,README,,,,https://github.com/team-mirai/policy/pull/5342
5337,子育ての貢献に報いる社会を目指す決意をマニフェストに追加,2025-07-11T02:42:31Z,app/idobata-policy-app,README,,,,https://github.com/team-mirai/policy/pull/5337
5336,【みかんさん提案】子どもを性犯罪から守るための新政策を追加,2025-07-11T02:40:20Z,app/idobata-policy-app,README,,,,https://github.com/team-mirai/policy/pull/5336
5335,やえさん発案：政策原則の強化（データ活用・公正な徴税・子ども中心支援）,2025-07-11T02:38:41Z,app/idobata-policy-app,README,,,,https://github.com/team-mirai/policy/pull/5335
5334,【つおるあさん提案】「注意事項」に政治の安定性に関する項目を追加,2025-07-11T02:30:48Z,app/idobata-policy-app,README,,,,https://github.com/team-mirai/policy/pull/5334
5333,専門知見の活用と情報格差是正による、より開かれた政策議論の推進,2025-07-11T02:14:59Z,app/idobata-policy-app,README,,,,https://github.com/team-mirai/policy/pull/5333
5331,Kayさんによる抜本提案：未来志向の税制度（国民貢献税、国民生活投資など）,2025-07-11T01:58:42Z,app/idobata-policy-app,README,,,,https://github.com/team-mirai/policy/pull/5331
5326,「安定的な皇位継承について」の項目追加,2025-07-11T01:36:28Z,app/idobata-policy-app,README,,,,https://github.com/team-mirai/policy/pull/5326
5325,男子HPVワクチン接種の公費助成を提案します,2025-07-11T01:34:41Z,app/idobata-policy-app,README,,,,https://github.com/team-mirai/policy/pull/5325
5322,デジタル民主主義の具体化：電子投票の導入による、誰でも参加しやすい選挙の実現,2025-07-11T01:17:50Z,app/idobata-policy-app,README,,,,https://github.com/team-mirai/policy/pull/5322
5321,外国人受け入れと外交・安全保障に関する基本方針の追加提案,2025-07-11T01:07:26Z,app/idobata-policy-app,README,,,,https://github.com/team-mirai/policy/pull/5321
5313,マニフェスト改善の提案：「すべての世代が再チャレンジできる社会へ」の項目追加,2025-07-11T00:26:51Z,app/idobata-policy-app,README,,,,https://github.com/team-mirai/policy/pull/5313
5307,（京子さん提案）技能実習制度の見直しに関する記述の追加,2025-07-10T23:58:27Z,app/idobata-policy-app,README,,,,https://github.com/team-mirai/policy/pull/5307
5305,産業政策：企業のバックオフィス業務の抜本的な効率化による生産性向上,2025-07-10T23:39:21Z,app/idobata-policy-app,README,,,,https://github.com/team-mirai/policy/pull/5305
5304,コロナ後遺症に苦しむ方への支援策を追加,2025-07-10T23:32:40Z,app/idobata-policy-app,README,,,,https://github.com/team-mirai/policy/pull/5304
5301,有機農業推進のためのオープンデータPF構築の提案,2025-07-10T23:22:45Z,app/idobata-policy-app,README,,,,https://github.com/team-mirai/policy/pull/5301
5300,交通事故被害者救済のための任意保険加入義務化のご提案,2025-07-10T23:21:28Z,app/idobata-policy-app,README,,,,https://github.com/team-mirai/policy/pull/5300
5294,AI時代に対応したセーフティネットの強化を提案します,2025-07-10T22:47:09Z,app/idobata-policy-app,README,,,,https://github.com/team-mirai/policy/pull/5294
5288,【きゅんさん提案】外国人との共生と安全に関する原則を追加,2025-07-10T21:03:10Z,app/idobata-policy-app,README,,,,https://github.com/team-mirai/policy/pull/5288
5280,「誰も取り残さない」環境整備の具体化 by 匿名ユーザー,2025-07-10T18:40:31Z,app/idobata-policy-app,README,,,,https://github.com/team-mirai/policy/pull/5280
5278,皇位継承に関する国民的議論の促進,2025-07-10T18:26:57Z,app/idobata-policy-app,README,,,,https://github.com/team-mirai/policy/pull/5278
5276,緊急連絡先（バグ報告窓口）の明記による利用案内の改善,2025-07-10T18:11:13Z,app/idobata-policy-app,README,,,,https://github.com/team-mirai/policy/pull/5276
5269,【まるさん提案】セキュリティと保守体制に関する項目を追加,2025-07-10T16:33:31Z,app/idobata-policy-app,README,,,,https://github.com/team-mirai/policy/pull/5269
5266,団塊ジュニア世代など、多様な世代への配慮を明記する提案,2025-07-10T16:22:43Z,app/idobata-policy-app,README,,,,https://github.com/team-mirai/policy/pull/5266
5262,「多様な家族のあり方」に関する政策を追加,2025-07-10T15:40:22Z,app/idobata-policy-app,README,,,,https://github.com/team-mirai/policy/pull/5262
5253,【匿名ユーザーさん提案】インクルーシブ教育と特別な支援が必要な家庭への支援強化,2025-07-10T15:00:39Z,app/idobata-policy-app,README,,,,https://github.com/team-mirai/policy/pull/5253
5250,外国人との共生と安全な社会の実現に向けた政策提案,2025-07-10T14:53:42Z,app/idobata-policy-app,README,,,,https://github.com/team-mirai/policy/pull/5250
5249,「多様な家族観の尊重」に関する項目追加,2025-07-10T14:49:02Z,app/idobata-policy-app,README,,,,https://github.com/team-mirai/policy/pull/5249
5248,「チームみらいについて」に国益と国民の幸福を優先する理念を追加,2025-07-10T14:45:44Z,app/idobata-policy-app,README,,,,https://github.com/team-mirai/policy/pull/5248
5247,平尾さんによる改善のご提案：支援制度の透明性と土地利用の基本方針について,2025-07-10T14:40:59Z,app/idobata-policy-app,README,,,,https://github.com/team-mirai/policy/pull/5247
5242,人権に関する基本姿勢の拡充：同性婚の法制化と国際平和の希求について,2025-07-10T14:23:43Z,app/idobata-policy-app,README,,,,https://github.com/team-mirai/policy/pull/5242
5237,匿名ユーザーによる改善提案：子どもの居場所確保と学習環境の改善,2025-07-10T14:14:10Z,app/idobata-policy-app,README,,,,https://github.com/team-mirai/policy/pull/5237
5227,匿名ユーザーによる発達障害を持つ子ども向けのAI学習ツール開発の提案,2025-07-10T13:36:48Z,app/idobata-policy-app,README,,,,https://github.com/team-mirai/policy/pull/5227
5226,まるさんより：高等教育への支援として、成果連動型の貸与型奨学金制度を提案,2025-07-10T13:34:33Z,app/idobata-policy-app,README,,,,https://github.com/team-mirai/policy/pull/5226
5223,外国人労働者の受け入れに関する方針の追加提案,2025-07-10T13:23:17Z,app/idobata-policy-app,README,,,,https://github.com/team-mirai/policy/pull/5223
5221,教育制度の柔軟化：個々の発達に応じた学びの実現,2025-07-10T13:18:16Z,app/idobata-policy-app,README,,,,https://github.com/team-mirai/policy/pull/5221
5211,【かおさん提案】ジェンダー平等の項目追加とクオータ制導入の検討,2025-07-10T12:55:11Z,app/idobata-policy-app,README,,,,https://github.com/team-mirai/policy/pull/5211
5207,【なちさん提案】工業高校・高専への支援強化による、未来の技術者育成,2025-07-10T12:45:43Z,app/idobata-policy-app,README,,,,https://github.com/team-mirai/policy/pull/5207
5202,タクシー運転手の労働環境改善に向けた休憩所の設置,2025-07-10T12:39:13Z,app/idobata-policy-app,README,,,,https://github.com/team-mirai/policy/pull/5202
5194,Yukiさんの提案：デジタル民主主義推進のため、地方自治体との連携強化を明記,2025-07-10T12:09:40Z,app/idobata-policy-app,README,,,,https://github.com/team-mirai/policy/pull/5194
5189,教育分野における金融・主権者教育の導入提案,2025-07-10T11:53:52Z,app/idobata-policy-app,README,,,,https://github.com/team-mirai/policy/pull/5189
5187,終末期医療における意思決定支援の強化：リビングウィル作成支援と普及,2025-07-10T11:45:43Z,app/idobata-policy-app,README,,,,https://github.com/team-mirai/policy/pull/5187
5183,【まつさん提案】OTC類似薬の保険適用維持の方針を医療政策に明記,2025-07-10T11:43:35Z,app/idobata-policy-app,README,,,,https://github.com/team-mirai/policy/pull/5183
5181,国の根幹に関わるテーマへの慎重な検討姿勢を明記,2025-07-10T11:40:46Z,app/idobata-policy-app,README,,,,https://github.com/team-mirai/policy/pull/5181
5179,feat(policy): 匿名ユーザーの提案に基づき尊厳死・安楽死の項目を追加,2025-07-10T11:28:53Z,app/idobata-policy-app,README,,,,https://github.com/team-mirai/policy/pull/5179
5176,【AIの代理投稿】なち様より頂いた新規政策案（システムエラーにより代理投稿）,2025-07-10T11:20:35Z,app/idobata-policy-app,README,,,,https://github.com/team-mirai/policy/pull/5176
5168,【匿名ユーザー様ご提案】生成AIの学習と著作権に関する原則を追記,2025-07-10T10:41:30Z,app/idobata-policy-app,README,,,,https://github.com/team-mirai/policy/pull/5168
5165,井上さん提案：AI等を活用した地域交通の支援策を追加,2025-07-10T10:35:09Z,app/idobata-policy-app,README,,,,https://github.com/team-mirai/policy/pull/5165
5162,【改善提案】ベーシックインカム導入の検討項目を追加,2025-07-10T10:31:38Z,app/idobata-policy-app,README,,,,https://github.com/team-mirai/policy/pull/5162
5159,注意事項にデジタルと物理的選択肢の共存に関する原則を追加,2025-07-10T10:21:34Z,app/idobata-policy-app,README,,,,https://github.com/team-mirai/policy/pull/5159
5157,AIと著作権に関する項目を追加,2025-07-10T10:09:26Z,app/idobata-policy-app,README,,,,https://github.com/team-mirai/policy/pull/5157
5155,奨学金問題の解決に向け、現世代への負担軽減を求める改善案,2025-07-10T09:56:51Z,app/idobata-policy-app,README,,,,https://github.com/team-mirai/policy/pull/5155
5153,【匿名ユーザーさん提案】表現の自由に関する方針を追加,2025-07-10T09:45:35Z,app/idobata-policy-app,README,,,,https://github.com/team-mirai/policy/pull/5153
5152,緊急事態条項に関する見解を追加,2025-07-10T09:42:35Z,app/idobata-policy-app,README,,,,https://github.com/team-mirai/policy/pull/5152
5147,「注意事項」へのユニバーサルな安全性の原則の追加,2025-07-10T09:22:26Z,app/idobata-policy-app,README,,,,https://github.com/team-mirai/policy/pull/5147
5146,文化政策の新設,2025-07-10T09:21:12Z,app/idobata-policy-app,README,,,,https://github.com/team-mirai/policy/pull/5146
5145,生成AIの健全な利用促進とクリエイター及び市民の権利保護に関する提案,2025-07-10T09:19:59Z,app/idobata-policy-app,README,,,,https://github.com/team-mirai/policy/pull/5145
5143,チームの基本理念として国際人権規範の尊重を明記する提案,2025-07-10T09:09:16Z,app/idobata-policy-app,README,,,,https://github.com/team-mirai/policy/pull/5143
5127,あいさんの提案：実践的なアプローチの追記で、マニフェストの実効性を強化,2025-07-10T07:44:00Z,app/idobata-policy-app,README,,,,https://github.com/team-mirai/policy/pull/5127
5126,選択的夫婦別姓に関する基本姿勢の追記,2025-07-10T07:43:49Z,app/idobata-policy-app,README,,,,https://github.com/team-mirai/policy/pull/5126
5125,匿名ユーザーからの問題提起：終末期医療のあり方についての議論を追記,2025-07-10T07:40:44Z,app/idobata-policy-app,README,,,,https://github.com/team-mirai/policy/pull/5125
5124,エネルギー政策の強化：国主導の原子力活用を提案,2025-07-10T07:35:09Z,app/idobata-policy-app,README,,,,https://github.com/team-mirai/policy/pull/5124
5112,対米外交・通商政策に関する方針の追加,2025-07-10T06:31:10Z,app/idobata-policy-app,README,,,,https://github.com/team-mirai/policy/pull/5112
5111,feat: 障害福祉の新規項目追加とバリアフリー政策の提案,2025-07-10T06:31:07Z,app/idobata-policy-app,README,,,,https://github.com/team-mirai/policy/pull/5111
5110,わかさんによる改善提案：ジェンダー・セクシュアリティに関する包括的政策の追加,2025-07-10T06:26:30Z,app/idobata-policy-app,README,,,,https://github.com/team-mirai/policy/pull/5110
5105,政策要望への対応スケジュールを明確化,2025-07-10T05:58:52Z,app/idobata-policy-app,README,,,,https://github.com/team-mirai/policy/pull/5105
5099,【匿名ユーザーによる改善提案】性の多様性に関する基本方針の追加,2025-07-10T05:45:54Z,app/idobata-policy-app,README,,,,https://github.com/team-mirai/policy/pull/5099
5096,生活保護制度に関する見直し提案,2025-07-10T05:38:43Z,app/idobata-policy-app,README,,,,https://github.com/team-mirai/policy/pull/5096
5094,ちかえもんさんのご意見を反映し、外国人との共生に関する基本的な考え方を追加,2025-07-10T05:24:32Z,app/idobata-policy-app,README,,,,https://github.com/team-mirai/policy/pull/5094
5091,水産業に関する政策の追加,2025-07-10T05:09:27Z,app/idobata-policy-app,README,,,,https://github.com/team-mirai/policy/pull/5091
5088,就職氷河期世代支援の追加と政策の基本原則の明確化,2025-07-10T05:02:26Z,app/idobata-policy-app,README,,,,https://github.com/team-mirai/policy/pull/5088
5085,Y3さんの提案：「立憲主義の堅持と、揺るぎない基本的人権の擁護」の章を追加,2025-07-10T04:49:12Z,app/idobata-policy-app,README,,,,https://github.com/team-mirai/policy/pull/5085
5076,沖縄の基地跡地利用と経済振興による新たな安全保障モデルの提案,2025-07-10T04:17:50Z,app/idobata-policy-app,README,,,,https://github.com/team-mirai/policy/pull/5076
5073,「チームみらいについて」に公平性と説明責任の原則を追記する提案 by こはるさん,2025-07-10T04:08:54Z,app/idobata-policy-app,README,,,,https://github.com/team-mirai/policy/pull/5073
5069,「変更提案について」の表現修正（README.md）,2025-07-10T04:00:58Z,aihojo,README,,,,https://github.com/team-mirai/policy/pull/5069
5065,【みかんさん提案】「税金の見える化」で政治をもっと身近に,2025-07-10T03:40:26Z,app/idobata-policy-app,README,,,,https://github.com/team-mirai/policy/pull/5065
5064,【西村祐二からの提案】政治倫理確立のため、独立した第三者機関（日本版IPSA）を設置,2025-07-10T03:37:13Z,app/idobata-policy-app,README,,,,https://github.com/team-mirai/policy/pull/5064
5063,【しの様提案】日本版DBSの導入と強化による子どもたちの保護,2025-07-10T03:33:43Z,app/idobata-policy-app,README,,,,https://github.com/team-mirai/policy/pull/5063
5059,マニフェストへの同性婚法制化と選択的夫婦別姓導入の明記,2025-07-10T03:24:33Z,app/idobata-policy-app,README,,,,https://github.com/team-mirai/policy/pull/5059
5057,【aiからの提案】男女が協力して子育てできる社会の実現に向けた理念の明確化,2025-07-10T03:19:57Z,app/idobata-policy-app,README,,,,https://github.com/team-mirai/policy/pull/5057
5055,AI開発者の責任と利用者のデータ保護強化を提案,2025-07-10T03:15:57Z,app/idobata-policy-app,README,,,,https://github.com/team-mirai/policy/pull/5055
5051,自動運転技術の導入戦略についての提案,2025-07-10T03:11:54Z,app/idobata-policy-app,README,,,,https://github.com/team-mirai/policy/pull/5051
5046,docs: 医療サービスへの影響に関する注意事項を追加,2025-07-10T02:58:04Z,app/idobata-policy-app,README,,,,https://github.com/team-mirai/policy/pull/5046
5044,「プッシュ型支援」の基本方針をマニフェストに明記する提案,2025-07-10T02:52:33Z,app/idobata-policy-app,README,,,,https://github.com/team-mirai/policy/pull/5044
5036,年少扶養控除の復活による子育て支援強化の提案,2025-07-10T02:20:04Z,app/idobata-policy-app,README,,,,https://github.com/team-mirai/policy/pull/5036
5034,おがわ様による医療費控除の自動化に関する改善提案,2025-07-10T02:17:29Z,app/idobata-policy-app,README,,,,https://github.com/team-mirai/policy/pull/5034
5026,ご意見を反映し、所得制限に関する議論を促す文言を追加,2025-07-10T01:46:46Z,app/idobata-policy-app,README,,,,https://github.com/team-mirai/policy/pull/5026
5024,エネルギー政策の改善案：日本の地理的特徴と未利用エネルギーの活用,2025-07-10T01:36:16Z,app/idobata-policy-app,README,,,,https://github.com/team-mirai/policy/pull/5024
5020,マニフェストをより多くの人に分かりやすくする改善,2025-07-10T01:19:14Z,app/idobata-policy-app,README,,,,https://github.com/team-mirai/policy/pull/5020
5019,自転車利用者の安全確保と、自動車先進技術による交通安全の推進,2025-07-10T01:18:49Z,app/idobata-policy-app,README,,,,https://github.com/team-mirai/policy/pull/5019
5017,憲法に関する考え方の追加,2025-07-10T01:16:54Z,app/idobata-policy-app,README,,,,https://github.com/team-mirai/policy/pull/5017
5016,匿名ユーザーさんによる選択的夫婦別姓の早期実現に関する提案,2025-07-10T01:15:18Z,app/idobata-policy-app,README,,,,https://github.com/team-mirai/policy/pull/5016
5015,外国人との共生に関する政策（なむさん提案）の追加,2025-07-10T01:07:28Z,app/idobata-policy-app,README,,,,https://github.com/team-mirai/policy/pull/5015
5002,「子育て支援の抜本的見直し」に関する改善提案,2025-07-09T16:28:07Z,app/idobata-policy-app,README,,,,https://github.com/team-mirai/policy/pull/5002
4999,aiaiさんによるREADME.mdの改善提案（ユーザビリティ向上）,2025-07-09T16:01:34Z,app/idobata-policy-app,README,,,,https://github.com/team-mirai/policy/pull/4999
4996,芸術文化への投資に関する提案,2025-07-09T15:56:47Z,app/idobata-policy-app,README,,,,https://github.com/team-mirai/policy/pull/4996
4994,【らいむさん提案】農業政策の追加：小規模・家族農業への支援強化,2025-07-09T15:52:36Z,app/idobata-policy-app,README,,,,https://github.com/team-mirai/policy/pull/4994
4992,【まさんご提案】外交・安全保障の基本方針を追加,2025-07-09T15:50:48Z,app/idobata-policy-app,README,,,,https://github.com/team-mirai/policy/pull/4992
4989,【taさん提案】子育て支援：スタッフ常駐の屋内遊び場の設置,2025-07-09T15:34:16Z,app/idobata-policy-app,README,,,,https://github.com/team-mirai/policy/pull/4989
4988,READMEの議論中テーマに解雇規制とセーフティネットの議論を追加,2025-07-09T15:26:51Z,app/idobata-policy-app,README,,,,https://github.com/team-mirai/policy/pull/4988
4980,OTC類似薬の保険適用維持による医療アクセス確保の提案,2025-07-09T15:03:56Z,app/idobata-policy-app,README,,,,https://github.com/team-mirai/policy/pull/4980
4973,子育て支援：こどもたちの文化芸術体験の機会創出,2025-07-09T14:41:22Z,app/idobata-policy-app,README,,,,https://github.com/team-mirai/policy/pull/4973
4970,出入国管理の厳格化に関する検討事項の追記,2025-07-09T14:38:06Z,app/idobata-policy-app,README,,,,https://github.com/team-mirai/policy/pull/4970
4968,中間層、特に子育て世帯の税負担軽減に関する基本方針の追加,2025-07-09T14:32:58Z,app/idobata-policy-app,README,,,,https://github.com/team-mirai/policy/pull/4968
4967,医師の地域偏在・診療科偏在の是正,2025-07-09T14:32:45Z,app/idobata-policy-app,README,,,,https://github.com/team-mirai/policy/pull/4967
4965,【匿名さん提案】障害者支援及び性犯罪対策の抜本的改革,2025-07-09T14:30:58Z,app/idobata-policy-app,README,,,,https://github.com/team-mirai/policy/pull/4965
4959,障害者支援の充実：情報連携による切れ目のないサポート体制の構築,2025-07-09T14:02:20Z,app/idobata-policy-app,README,,,,https://github.com/team-mirai/policy/pull/4959
4951,itaさん提案：妊婦健診の完全無料化による母子支援強化,2025-07-09T13:36:03Z,app/idobata-policy-app,README,,,,https://github.com/team-mirai/policy/pull/4951
4948,【みみみさん提案】産業政策の改訂：AI時代を見据えた第一次産業・伝統技術の保護と継承,2025-07-09T13:25:24Z,app/idobata-policy-app,README,,,,https://github.com/team-mirai/policy/pull/4948
4934,マイナンバーカードと生体認証を活用した投票制度の提案,2025-07-09T12:32:10Z,app/idobata-policy-app,README,,,,https://github.com/team-mirai/policy/pull/4934
4926,AIの活用と責任に関する原則の追記提案,2025-07-09T11:51:44Z,app/idobata-policy-app,README,,,,https://github.com/team-mirai/policy/pull/4926
4918,憲法に関する基本姿勢の追記のご提案,2025-07-09T11:20:39Z,app/idobata-policy-app,README,,,,https://github.com/team-mirai/policy/pull/4918
4913,高齢者やデジタルが苦手な方々へのサポート強化の提案,2025-07-09T11:12:49Z,app/idobata-policy-app,README,,,,https://github.com/team-mirai/policy/pull/4913
4910,金融課税に関する方針の明確化,2025-07-09T11:09:14Z,app/idobata-policy-app,README,,,,https://github.com/team-mirai/policy/pull/4910
4908,【紋加さんからのご提案】「子育て減税」の対象年齢に関する議論の具体例を追記,2025-07-09T11:04:18Z,app/idobata-policy-app,README,,,,https://github.com/team-mirai/policy/pull/4908
4904,ミヤさんからの提案：教育現場のICT環境改善,2025-07-09T10:40:45Z,app/idobata-policy-app,README,,,,https://github.com/team-mirai/policy/pull/4904
4887,子育て支援に関する2つの改善提案（れもんさんより）,2025-07-09T09:33:21Z,app/idobata-policy-app,README,,,,https://github.com/team-mirai/policy/pull/4887
4883,選挙期間中におけるマニフェストの更新プロセスを明記,2025-07-09T09:18:17Z,app/idobata-policy-app,README,,,,https://github.com/team-mirai/policy/pull/4883
4879,にいくら様からのご提案：外国人土地取得およびオーバーツーリズム対策の追加,2025-07-09T09:10:03Z,app/idobata-policy-app,README,,,,https://github.com/team-mirai/policy/pull/4879
4874,AI活用の原則を明確化,2025-07-09T08:57:05Z,app/idobata-policy-app,README,,,,https://github.com/team-mirai/policy/pull/4874
4870,たかはしさんのご意見を反映：子育て支援に関する議論の具体例を追記,2025-07-09T08:32:10Z,app/idobata-policy-app,README,,,,https://github.com/team-mirai/policy/pull/4870
4865,母子手帳のデジタル化と紙媒体の併用を提案,2025-07-09T08:20:02Z,app/idobata-policy-app,README,,,,https://github.com/team-mirai/policy/pull/4865
4863,物流政策の新規追加（北海道から食品を全国へ届けるTさんからの提案）,2025-07-09T08:08:14Z,app/idobata-policy-app,README,,,,https://github.com/team-mirai/policy/pull/4863
4861,子育て支援政策に関する改善提案,2025-07-09T08:01:50Z,app/idobata-policy-app,README,,,,https://github.com/team-mirai/policy/pull/4861
4860,【改善提案】障害者のための住宅セーフティネット強化,2025-07-09T07:59:41Z,app/idobata-policy-app,README,,,,https://github.com/team-mirai/policy/pull/4860
4857,なるみさんによる教育改革案のご提案,2025-07-09T07:41:41Z,app/idobata-policy-app,README,,,,https://github.com/team-mirai/policy/pull/4857
4854,住宅政策の追加による投機的開発の抑制,2025-07-09T07:32:45Z,app/idobata-policy-app,README,,,,https://github.com/team-mirai/policy/pull/4854
4852,【やまだまやさん提案】インボイス制度の廃止を検討,2025-07-09T07:25:51Z,app/idobata-policy-app,README,,,,https://github.com/team-mirai/policy/pull/4852
4849,教育分野への専門アドバイザー配置によるICT活用支援の提案,2025-07-09T07:12:43Z,app/idobata-policy-app,README,,,,https://github.com/team-mirai/policy/pull/4849
4841,【匿名ユーザー提案】子どもの歯列矯正への保険適用,2025-07-09T06:50:58Z,app/idobata-policy-app,README,,,,https://github.com/team-mirai/policy/pull/4841
4839,AIの活用と責任に関する原則の明確化,2025-07-09T06:43:47Z,app/idobata-policy-app,README,,,,https://github.com/team-mirai/policy/pull/4839
4838,マイナンバーカードの国際化対応についての提案,2025-07-09T06:43:33Z,app/idobata-policy-app,README,,,,https://github.com/team-mirai/policy/pull/4838
4836,【匿名ユーザーさん提案】寄付制度の改革案を追加,2025-07-09T06:39:07Z,app/idobata-policy-app,README,,,,https://github.com/team-mirai/policy/pull/4836
4834,新しい税制の仕組み（納税コストゼロ社会）の提案,2025-07-09T06:36:18Z,app/idobata-policy-app,README,,,,https://github.com/team-mirai/policy/pull/4834
4821,皇位継承に関する方針の追加,2025-07-09T05:58:47Z,app/idobata-policy-app,README,,,,https://github.com/team-mirai/policy/pull/4821
4819,国保の子供の均等割免除による子育て支援の拡充,2025-07-09T05:55:13Z,app/idobata-policy-app,README,,,,https://github.com/team-mirai/policy/pull/4819
4808,消費税減税と、その財源のあり方に関する具体的な提案,2025-07-09T05:22:09Z,app/idobata-policy-app,README,,,,https://github.com/team-mirai/policy/pull/4808
4805,やくもさんからの改善のご提案：表現の自由・医療制度について,2025-07-09T05:16:43Z,app/idobata-policy-app,README,,,,https://github.com/team-mirai/policy/pull/4805
4798,MM様からのご提案（医療分野）：医療DXによる多言語対応と医師の負担軽減,2025-07-09T05:01:04Z,app/idobata-policy-app,README,,,,https://github.com/team-mirai/policy/pull/4798
4797,学校給食の充実と食育の推進に関する提案,2025-07-09T04:59:46Z,app/idobata-policy-app,README,,,,https://github.com/team-mirai/policy/pull/4797
4796,【花子さん提案】情報発信に関する姿勢を追記,2025-07-09T04:59:41Z,app/idobata-policy-app,README,,,,https://github.com/team-mirai/policy/pull/4796
4794,【kyoさんによる改善提案】「表現の自由と創作活動の保護」に関する項目を追加,2025-07-09T04:57:26Z,app/idobata-policy-app,README,,,,https://github.com/team-mirai/policy/pull/4794
4791,保育園の午睡（お昼寝）の運用を、もっと柔軟にするための提案,2025-07-09T04:45:37Z,app/idobata-policy-app,README,,,,https://github.com/team-mirai/policy/pull/4791
4781,【医療費削減】予防医療の強化：ワクチン接種への経済的支援拡充による提案,2025-07-09T04:20:22Z,app/idobata-policy-app,README,,,,https://github.com/team-mirai/policy/pull/4781
4775,提案：母子手帳のデジタル・アナログ併用に関する意見をマニフェストに反映,2025-07-09T04:09:29Z,app/idobata-policy-app,README,,,,https://github.com/team-mirai/policy/pull/4775
4772,【みるくさん提案】産休開始時期の前倒し（32週から）による、安心して子育てできる社会の実現,2025-07-09T03:59:55Z,app/idobata-policy-app,README,,,,https://github.com/team-mirai/policy/pull/4772
4771,外国人政策に関する新規提案,2025-07-09T03:58:55Z,app/idobata-policy-app,README,,,,https://github.com/team-mirai/policy/pull/4771
4770,「国歌の民主化」と「受刑者の人権」の検討開始,2025-07-09T03:58:55Z,app/idobata-policy-app,README,,,,https://github.com/team-mirai/policy/pull/4770
4765,【あめさん提案】若年層の未来を後押しする経済的支援策の追加,2025-07-09T03:51:59Z,app/idobata-policy-app,README,,,,https://github.com/team-mirai/policy/pull/4765
4763,【スミママさん提案】障害児支援に関する所得制限の緩和と行政手続きの改善,2025-07-09T03:44:37Z,app/idobata-policy-app,README,,,,https://github.com/team-mirai/policy/pull/4763
4756,新政策『多極集中型の地方創生』の追加提案,2025-07-09T03:19:45Z,app/idobata-policy-app,README,,,,https://github.com/team-mirai/policy/pull/4756
4751,るさんからの改善提案：小児歯列矯正の保険適用,2025-07-09T03:07:13Z,app/idobata-policy-app,README,,,,https://github.com/team-mirai/policy/pull/4751
4748,政策提案：選択的夫婦別姓制度の導入,2025-07-09T02:58:48Z,app/idobata-policy-app,README,,,,https://github.com/team-mirai/policy/pull/4748
4746,「注意事項」に人権尊重に関する項目を追加,2025-07-09T02:57:40Z,app/idobata-policy-app,README,,,,https://github.com/team-mirai/policy/pull/4746
4734,りなさんによる「性犯罪対策の強化」のご提案,2025-07-09T02:28:25Z,app/idobata-policy-app,README,,,,https://github.com/team-mirai/policy/pull/4734
4733,匿名ユーザーによる外国人への生活保護に関する政策提案,2025-07-09T02:25:54Z,app/idobata-policy-app,README,,,,https://github.com/team-mirai/policy/pull/4733
4730,あさんの提案：納税している障害者の医療費等に関する所得制限の撤廃,2025-07-09T02:23:47Z,app/idobata-policy-app,README,,,,https://github.com/team-mirai/policy/pull/4730
4728,マニフェストの対象読者と対話方法の明確化,2025-07-09T02:14:25Z,app/idobata-policy-app,README,,,,https://github.com/team-mirai/policy/pull/4728
4727,非正規雇用の原則禁止と同一労働同一賃金の徹底,2025-07-09T02:10:52Z,app/idobata-policy-app,README,,,,https://github.com/team-mirai/policy/pull/4727
4725,匿名ユーザーによる「難民・移民政策」の新設提案,2025-07-09T02:03:29Z,app/idobata-policy-app,README,,,,https://github.com/team-mirai/policy/pull/4725
4722,おおた様提案：マニフェストに「皇室」の項目を追加,2025-07-09T02:00:31Z,app/idobata-policy-app,README,,,,https://github.com/team-mirai/policy/pull/4722
4714,国民年金保険料の免除対象者の範囲拡大についての提案,2025-07-09T01:36:43Z,app/idobata-policy-app,README,,,,https://github.com/team-mirai/policy/pull/4714
4711,子育て世帯への継続的な経済的支援策の追加提案,2025-07-09T01:28:27Z,app/idobata-policy-app,README,,,,https://github.com/team-mirai/policy/pull/4711
4707,匿名ユーザーによる「予備保育士」制度の提案をマニフェストに追記,2025-07-09T01:22:54Z,app/idobata-policy-app,README,,,,https://github.com/team-mirai/policy/pull/4707
4704,ぶんさんによる「外国人政策」の項目追加の提案,2025-07-09T01:11:59Z,app/idobata-policy-app,README,,,,https://github.com/team-mirai/policy/pull/4704
4702,所得税の障害者控除の見直しを検討課題として追加,2025-07-09T00:59:06Z,app/idobata-policy-app,README,,,,https://github.com/team-mirai/policy/pull/4702
4698,幼稚園の魅力周知と子ども家庭庁の管轄に関する改善提案,2025-07-09T00:43:57Z,app/idobata-policy-app,README,,,,https://github.com/team-mirai/policy/pull/4698
4694,ステップ1の子育て支援に不育症サポートを追記,2025-07-09T00:20:02Z,app/idobata-policy-app,README,,,,https://github.com/team-mirai/policy/pull/4694
4693,政策提案：同性婚の法制化による多様性の尊重,2025-07-09T00:19:10Z,app/idobata-policy-app,README,,,,https://github.com/team-mirai/policy/pull/4693
4691,"やえさんによる複数の重要政策(BI,マイナンバー,医療)に関する改善提案",2025-07-09T00:15:56Z,app/idobata-policy-app,README,,,,https://github.com/team-mirai/policy/pull/4691
4689,匿名ユーザーからの提案：持続可能で魅力的な農業政策の追加,2025-07-09T00:09:30Z,app/idobata-policy-app,README,,,,https://github.com/team-mirai/policy/pull/4689
4686,匿名ユーザーによる障がい児支援の拡充に関する提案,2025-07-09T00:00:57Z,app/idobata-policy-app,README,,,,https://github.com/team-mirai/policy/pull/4686
4683,ドメイン投票方式の導入提案,2025-07-08T23:44:07Z,app/idobata-policy-app,README,,,,https://github.com/team-mirai/policy/pull/4683
4681,松崎彰剛さんの提案：「くらしと行政」におけるDX推進専門組織の創設,2025-07-08T23:11:41Z,app/idobata-policy-app,README,,,,https://github.com/team-mirai/policy/pull/4681
4677,ymrlさんによる人権尊重とAI倫理に関する基本方針の明記提案,2025-07-08T22:58:50Z,app/idobata-policy-app,README,,,,https://github.com/team-mirai/policy/pull/4677
4676,多様な家族のあり方に関する議論を追記,2025-07-08T22:58:25Z,app/idobata-policy-app,README,,,,https://github.com/team-mirai/policy/pull/4676
4675,交通政策を新設し、自動運転の導入を提案,2025-07-08T22:55:50Z,app/idobata-policy-app,README,,,,https://github.com/team-mirai/policy/pull/4675
4674,外国人政策に関する新規提案,2025-07-08T22:52:23Z,app/idobata-policy-app,README,,,,https://github.com/team-mirai/policy/pull/4674
4671,気候危機対策を最優先課題として明記する改善提案,2025-07-08T22:18:26Z,app/idobata-policy-app,README,,,,https://github.com/team-mirai/policy/pull/4671
4669,w.s.さんによる移民政策の新規提案,2025-07-08T19:40:38Z,app/idobata-policy-app,README,,,,https://github.com/team-mirai/policy/pull/4669
4668,「デジタル社会における心の健康」に関する新しい政策分野の提案,2025-07-08T19:07:37Z,app/idobata-policy-app,README,,,,https://github.com/team-mirai/policy/pull/4668
4666,【匿名ユーザー提案】農業分野の明確化のため、目次を修正,2025-07-08T18:54:21Z,app/idobata-policy-app,README,,,,https://github.com/team-mirai/policy/pull/4666
4664,多様性に関する基本姿勢として、同性婚への賛成を明記する提案,2025-07-08T18:25:25Z,app/idobata-policy-app,README,,,,https://github.com/team-mirai/policy/pull/4664
4660,AIによる意見の取り扱いに関する原則の明確化,2025-07-08T17:58:03Z,app/idobata-policy-app,README,,,,https://github.com/team-mirai/policy/pull/4660
4657,「データに基づいたバランスの取れた意思決定」をマニフェストに明記,2025-07-08T17:27:48Z,app/idobata-policy-app,README,,,,https://github.com/team-mirai/policy/pull/4657
4644,まつさんからの改善提案：ベーシックサービスと政治の信頼性向上,2025-07-08T16:21:52Z,app/idobata-policy-app,README,,,,https://github.com/team-mirai/policy/pull/4644
4640,子どもたちを性被害から守るための対策を新規追加,2025-07-08T16:01:47Z,app/idobata-policy-app,README,,,,https://github.com/team-mirai/policy/pull/4640
4638,匿名希望Hさんとりんごさんによる改善提案,2025-07-08T16:00:59Z,app/idobata-policy-app,README,,,,https://github.com/team-mirai/policy/pull/4638
4633,国家目標と長期ロードマップの策定に関するビジョンを追記,2025-07-08T15:37:58Z,app/idobata-policy-app,README,,,,https://github.com/team-mirai/policy/pull/4633
4631,1日の時間を36時間にする,2025-07-08T15:32:31Z,app/idobata-policy-app,README,,,,https://github.com/team-mirai/policy/pull/4631
4622,マニフェストの基本原則に国債発行の厳格化を追記,2025-07-08T14:59:04Z,app/idobata-policy-app,README,,,,https://github.com/team-mirai/policy/pull/4622
4621,「子どもは国の宝」という理念をマニフェストの基本方針に盛り込む提案,2025-07-08T14:53:38Z,app/idobata-policy-app,README,,,,https://github.com/team-mirai/policy/pull/4621
4618,同性婚の法制化に賛成する立場を明確化,2025-07-08T14:38:10Z,app/idobata-policy-app,README,,,,https://github.com/team-mirai/policy/pull/4618
4612,生理用品の消費税を撤廃し、女性の健康を社会で支える提案,2025-07-08T14:22:41Z,app/idobata-policy-app,README,,,,https://github.com/team-mirai/policy/pull/4612
4594,政策改善提案：選択的夫婦別姓に関する議論の追加,2025-07-08T13:40:12Z,app/idobata-policy-app,README,,,,https://github.com/team-mirai/policy/pull/4594
4591,農業政策の新規追加：兼業農家支援による食料安定供給の実現,2025-07-08T13:38:52Z,app/idobata-policy-app,README,,,,https://github.com/team-mirai/policy/pull/4591
4590,提案：Web3時代を見据えた暗号資産・ブロックチェーン戦略の更新,2025-07-08T13:34:49Z,app/idobata-policy-app,README,,,,https://github.com/team-mirai/policy/pull/4590
4582,医薬品の安定供給に向けた薬価制度の見直しについて,2025-07-08T13:09:10Z,app/idobata-policy-app,README,,,,https://github.com/team-mirai/policy/pull/4582
4578,匿名ユーザーによる改善提案：選択的夫婦別姓の実現,2025-07-08T12:54:38Z,app/idobata-policy-app,README,,,,https://github.com/team-mirai/policy/pull/4578
4572,重要な医薬品・医療機器等の国内生産を促すための政策提案,2025-07-08T12:40:31Z,app/idobata-policy-app,README,,,,https://github.com/team-mirai/policy/pull/4572
4568,医療制度の持続可能性確保に向けた政策の追加,2025-07-08T12:26:56Z,app/idobata-policy-app,README,,,,https://github.com/team-mirai/policy/pull/4568
4567,【まつさん提案】子育て支援の具体例をマニフェestoに追記,2025-07-08T12:26:46Z,app/idobata-policy-app,README,,,,https://github.com/team-mirai/policy/pull/4567
4559,選挙期間中のマニフェスト変更に関するルールを追加,2025-07-08T12:02:48Z,app/idobata-policy-app,README,,,,https://github.com/team-mirai/policy/pull/4559
4546,家族制度の議論における慎重な姿勢と具体的懸念への対応を明記,2025-07-08T10:49:01Z,app/idobata-policy-app,README,,,,https://github.com/team-mirai/policy/pull/4546
4542,デジタル支援員制度の追加,2025-07-08T10:10:32Z,app/idobata-policy-app,README,,,,https://github.com/team-mirai/policy/pull/4542
4541,「チームみらいについて」の理念を明確化する提案 by Kazunori,2025-07-08T10:03:41Z,app/idobata-policy-app,README,,,,https://github.com/team-mirai/policy/pull/4541
4533,育休制度の拡充による子育て支援の強化（華子さんからのご提案）,2025-07-08T09:24:32Z,app/idobata-policy-app,README,,,,https://github.com/team-mirai/policy/pull/4533
4530,【未来さん提案】最優先事項「新国会議事堂建設計画」の追加,2025-07-08T09:10:01Z,app/idobata-policy-app,README,,,,https://github.com/team-mirai/policy/pull/4530
4528,防災政策の強化：防災庁設置と実効性ある災害対策の推進,2025-07-08T08:56:55Z,app/idobata-policy-app,README,,,,https://github.com/team-mirai/policy/pull/4528
4519,表現の自由の保護を基本姿勢として明記,2025-07-08T08:10:41Z,app/idobata-policy-app,README,,,,https://github.com/team-mirai/policy/pull/4519
4517,検索機能の案内を追記する改善提案,2025-07-08T07:59:53Z,app/idobata-policy-app,README,,,,https://github.com/team-mirai/policy/pull/4517
4512,基本的な考え方として「未来への投資こそが最大の安全保障」を追加,2025-07-08T07:39:31Z,app/idobata-policy-app,README,,,,https://github.com/team-mirai/policy/pull/4512
4508,動物愛護に関する提案（てつさんより）,2025-07-08T07:29:53Z,app/idobata-policy-app,README,,,,https://github.com/team-mirai/policy/pull/4508
4505,「憲法改正について」の項目追加,2025-07-08T07:24:27Z,app/idobata-policy-app,README,,,,https://github.com/team-mirai/policy/pull/4505
4499,皇室制度に関する記述の追加,2025-07-08T07:07:13Z,app/idobata-policy-app,README,,,,https://github.com/team-mirai/policy/pull/4499
4498,匿名ユーザーさんによる、夫婦の姓と障がい児支援に関する改善提案,2025-07-08T07:04:10Z,app/idobata-policy-app,README,,,,https://github.com/team-mirai/policy/pull/4498
4488,移民政策に関する新たな提案（匿名ユーザーからの提案）,2025-07-08T06:45:15Z,app/idobata-policy-app,README,,,,https://github.com/team-mirai/policy/pull/4488
4484,ジェンダー平等と女性の権利に関する新規政策提案 by 和田さん,2025-07-08T06:31:45Z,app/idobata-policy-app,README,,,,https://github.com/team-mirai/policy/pull/4484
4468,選択的夫婦別姓制度の導入による、結婚と出産のハードル引き下げ,2025-07-08T05:26:09Z,app/idobata-policy-app,README,,,,https://github.com/team-mirai/policy/pull/4468
4467,食の安全・農業・畜産に関する新規政策提案,2025-07-08T05:24:24Z,app/idobata-policy-app,README,,,,https://github.com/team-mirai/policy/pull/4467
4466,借地借家法の見直しとAI・データ活用による賃貸市場の健全化の提案,2025-07-08T05:13:02Z,app/idobata-policy-app,README,,,,https://github.com/team-mirai/policy/pull/4466
4461,ボトムアップの技術発展を促すため、オープンな市場環境の重要性を追記,2025-07-08T04:56:07Z,app/idobata-policy-app,README,,,,https://github.com/team-mirai/policy/pull/4461
4457,『チームみらいについて』の表現を、意図がより伝わるように修正,2025-07-08T04:45:42Z,app/idobata-policy-app,README,,,,https://github.com/team-mirai/policy/pull/4457
4455,【SANAさん提案】個人情報保護と透明性に関する原則の追加,2025-07-08T04:37:28Z,app/idobata-policy-app,README,,,,https://github.com/team-mirai/policy/pull/4455
4452,表現の自由の保護に関する原則の追加,2025-07-08T04:21:12Z,app/idobata-policy-app,README,,,,https://github.com/team-mirai/policy/pull/4452
4448,マッチョさん提案：「デジタル支援員」制度の創設によるDX推進の具体化,2025-07-08T04:13:37Z,app/idobata-policy-app,README,,,,https://github.com/team-mirai/policy/pull/4448
4440,くろねこさんの提案：介護分野の新設と公共施設の持続可能性強化,2025-07-08T03:46:06Z,app/idobata-policy-app,README,,,,https://github.com/team-mirai/policy/pull/4440
4436,ステップ3に「インフラ長寿命化」の項目を追加する提案,2025-07-08T03:30:52Z,app/idobata-policy-app,README,,,,https://github.com/team-mirai/policy/pull/4436
4435,投票率向上のための「投票スタンプカード」導入,2025-07-08T03:30:51Z,app/idobata-policy-app,README,,,,https://github.com/team-mirai/policy/pull/4435
4420,木村様のご意見に基づき、「外国人労働者・移民政策」の項目追加と国家観に関する記述を追記,2025-07-08T02:55:17Z,app/idobata-policy-app,README,,,,https://github.com/team-mirai/policy/pull/4420
4411,【くろねこさん提案】変更提案のプロセスを明確化,2025-07-08T02:30:36Z,app/idobata-policy-app,README,,,,https://github.com/team-mirai/policy/pull/4411
4402,「選挙運動のあり方」についての新しい提案,2025-07-08T02:14:54Z,app/idobata-policy-app,README,,,,https://github.com/team-mirai/policy/pull/4402
4398,【KK様ご提案】移民政策に関する新規項目追加,2025-07-08T02:05:22Z,app/idobata-policy-app,README,,,,https://github.com/team-mirai/policy/pull/4398
4397,なゆたさんによる改善提案：行政手続きの簡素化,2025-07-08T01:55:03Z,app/idobata-policy-app,README,,,,https://github.com/team-mirai/policy/pull/4397
4394,金融所得課税の考え方をマニフェストに明記,2025-07-08T01:37:54Z,app/idobata-policy-app,README,,,,https://github.com/team-mirai/policy/pull/4394
4393,公平性とジェンダー格差是正に関するマニフェスト改善案（匿名ユーザーさんより）,2025-07-08T01:36:03Z,app/idobata-policy-app,README,,,,https://github.com/team-mirai/policy/pull/4393
4392,表現の自由と創作物に関する基本方針の追加,2025-07-08T01:35:27Z,app/idobata-policy-app,README,,,,https://github.com/team-mirai/policy/pull/4392
4386,地方分権と地域発展の基本方針の追加,2025-07-08T01:19:34Z,app/idobata-policy-app,README,,,,https://github.com/team-mirai/policy/pull/4386
4372,年金政策の具体化：年金額の底上げと家賃補助制度の提案,2025-07-08T00:48:21Z,app/idobata-policy-app,README,,,,https://github.com/team-mirai/policy/pull/4372
4364,匿名ユーザーによる選択的夫婦別姓制度導入の提案,2025-07-08T00:15:22Z,app/idobata-policy-app,README,,,,https://github.com/team-mirai/policy/pull/4364
4352,同性カップルの法的保護に関する政策の追加提案,2025-07-07T22:24:31Z,app/idobata-policy-app,README,,,,https://github.com/team-mirai/policy/pull/4352
4350,就職氷河期世代への支援策を追加,2025-07-07T21:55:31Z,app/idobata-policy-app,README,,,,https://github.com/team-mirai/policy/pull/4350
4348,【suhiさんご提案】文化クーポン構想の具体案追加,2025-07-07T20:03:55Z,app/idobata-policy-app,README,,,,https://github.com/team-mirai/policy/pull/4348
4345,「組織的な嫌がらせ行為（集団ストーカー）対策と、被害者の情報アクセス権の確立」を新設 (提案者: 中の人),2025-07-07T18:42:55Z,app/idobata-policy-app,README,,,,https://github.com/team-mirai/policy/pull/4345
4343,子どもたちの安全を守るための政策強化提案（匿名ユーザー様より）,2025-07-07T17:49:44Z,app/idobata-policy-app,README,,,,https://github.com/team-mirai/policy/pull/4343
4339,「性犯罪の根絶と被害者支援の徹底」に関する政策の追加,2025-07-07T17:29:10Z,app/idobata-policy-app,README,,,,https://github.com/team-mirai/policy/pull/4339
4331,提案：透明性向上のための変更履歴セクションの追加,2025-07-07T15:32:41Z,app/idobata-policy-app,README,,,,https://github.com/team-mirai/policy/pull/4331
4328,「性の多様性の尊重とジェンダー平等の実現」に関する提案,2025-07-07T15:22:33Z,app/idobata-policy-app,README,,,,https://github.com/team-mirai/policy/pull/4328
3861,AIによる国会審議の要約と解説の提供,2025-07-05T15:01:17Z,app/idobata-policy-app,README,,,,https://github.com/team-mirai/policy/pull/3861
